Row Labels,Agriculture and food security,Banking and business,Debt relief,Education,Environment,General Budget Support,Governance and security,Health,Humanitarian,Industry and trade,Infrastructure,Other,Other social services,Water and sanitation,Grand Total
Afghanistan,356.5473624,279.3424877,1.253884182,345.7507136,4.730970903,23.52163817,2765.742795,339.5451105,498.7486133,108.1815166,801.1450193,853.892807,98.380992,71.40179487,6548.185705
"Africa, regional",151.6185878,287.0879837,8.248452063,62.37064341,85.29571587,92.32063408,209.5757691,198.5387279,83.14643474,87.33287709,218.5671007,336.3053274,36.23890547,80.17479037,1936.82195
Albania,12.83997757,6.923081535,,74.33896669,4.621085132,0.1361285053,58.000646,11.05744505,4.446224949,19.43220805,105.8530157,28.47307334,16.04136249,40.84366958,383.0068846
Algeria,3.036037006,6.517198916,,131.082938,2.761480651,,20.84019087,3.142309347,31.41157586,11.14146776,7.778729324,17.94231982,11.74495919,3.645776657,251.0449834
"America, regional",10.32504645,48.79629699,,47.89639855,39.04186963,,53.74986272,77.86749049,65.46254607,19.0598402,21.16018721,731.3884562,20.47219862,4.954694045,1140.174887
Angola,18.62735784,3.644553105,,26.87510476,2.100132286,,38.25271466,97.18863847,6.52988679,3.140398003,14.52706632,37.64385001,16.68513116,26.14580048,291.3606339
Anguilla,,,,0.009959724291,,4.627249357,0.2786068722,,,,,0.2653215322,0.01277610521,0.01426556806,5.208179159
Antigua and Barbuda,0.3191561338,,0.108555,0.4543662375,0.08312975578,,0.152893,0.1531711684,,0.03344041617,0.2418707584,0.809479368,0.001290506881,0.01168973709,2.369042082
Argentina,3.665521895,2.020637503,,36.68905218,9.291235162,,14.28897541,4.143994611,0.6043028278,106.3374751,1.709744043,7.36857111,5.985351231,1.01215572,193.1170168
Armenia,25.93365269,30.94370762,,32.47366124,2.665346942,49.01401,50.61909758,20.26197132,5.731955024,9.853469417,45.7204957,8.411963082,14.6121702,17.90287132,314.1443721
"Asia, regional",59.14255289,94.39990395,,59.26475608,31.23238579,,94.94927005,87.25159792,28.7216667,61.79895904,51.01232544,272.4169364,21.0940138,13.85663625,875.1410043
Azerbaijan,14.35512321,10.29158207,,19.18595435,1.345637844,,38.76672511,19.53791937,1.694376823,3.281763867,222.5747194,11.43033071,6.995869552,30.32700156,379.7870039
Bangladesh,181.7605222,107.9494229,4.155957268,476.3535035,73.11300011,140.03148,226.3901658,369.1523325,106.3645365,71.04338265,663.6444735,299.7831896,72.54253425,167.8881069,2960.172608
Belarus,0.7584049356,0.44917206,,22.92807917,6.640058004,,27.66890688,14.49273483,0.116825868,0.1692501671,4.043652238,4.681723298,4.562984853,0.2685914927,86.78038379
Belize,6.002541743,,0.042319,2.505888925,2.020778775,,2.378533224,2.25995252,0.1017854995,2.390821987,6.150123397,2.623099412,0.8979436894,0.5814415212,27.95522969
Benin,54.02835457,5.82122559,6.890875476,56.28084675,11.67561374,55.24870912,75.24416085,82.13632118,4.987512685,3.79625936,92.34895117,41.114407,6.698051247,42.45568429,538.726973
Bhutan,4.082160162,17.99943432,,4.206769618,6.275738506,2.570694087,24.28662416,6.671553998,5.981946626,5.949373643,55.80698565,29.19214708,4.148216351,1.603018603,168.7746628
"Bilateral, unspecified",1332.222707,736.7389292,140.6893013,1232.776414,1093.807238,59.13865296,2352.313954,3550.737558,1218.498318,421.6714969,597.8014045,14121.41899,452.8622598,203.5011553,27514.17837
Bolivia,102.1662792,7.450220009,-0.1605200043,51.83174779,32.56185872,0.3772431877,83.81595042,54.99243033,5.138164794,16.72840964,83.81608267,53.58943855,53.71359648,139.8355026,685.8564044
Bosnia-Herzegovina,18.08513405,127.1672191,1.306377802,37.27598179,5.298021233,0.1089028042,116.5577909,27.27125452,1.454145937,17.43329739,154.6594395,32.43990899,29.22688651,40.99012871,609.2744892
Botswana,1.646824127,1.585592106,1.273482342,3.013226001,2.776321017,,4.675999217,54.23963524,0.1087041109,1.609381553,9.79289351,5.200190213,2.638081384,0.7721059807,89.3324368
Brazil,123.327522,21.66252652,6.508458,131.0931706,96.52327703,,34.15882502,15.33610118,2.222324772,12.05576078,740.5537411,43.45141122,410.8632957,16.40374651,1654.160161
Burkina Faso,194.0039611,12.9666848,21.15505008,75.30694068,8.675212216,249.2056589,113.4198629,140.593963,76.00717046,12.9036644,108.7521097,79.80831836,29.2157826,97.68192272,1219.696302
Burundi,68.60352456,17.24684447,2.602149498,28.76289421,4.260428023,15.62736335,93.10565287,90.22376106,38.41466363,4.965370109,93.06005398,35.03665902,14.96143323,22.31121089,529.1820089
Cambodia,69.89325452,38.9249763,0,71.76711818,40.71354817,,139.647531,152.5931617,18.86613949,26.32292324,148.6350082,55.71482036,30.93285735,58.77156886,852.7829074
Cameroon,38.80895958,1.426727298,1.963323046,111.9582866,9.047417524,0.003856041131,51.65243236,92.23161363,28.56432717,8.655130292,163.4433597,150.6319242,7.236316217,19.68807136,685.311745
Cape Verde,6.107459345,4.149349999,1.03016081,26.0846261,5.230856361,1.95856045,8.502498167,16.1750709,2.200079374,0.9781299612,66.61398082,85.28352508,25.89891278,15.2382073,265.4514174
Central African Rep.,8.644416777,1.243599909,5.715198817,8.524831267,1.596312614,29.74833459,18.08143634,27.60455843,60.24586441,7.29483767,45.07767309,10.91773203,2.110457977,6.729106286,233.5343602
"Central Asia, regional",1.131257559,12.28860213,,22.24170197,30.53777162,,47.39861075,23.682927,2.922369744,7.689297163,6.494654291,16.35491765,4.938331092,7.012150422,182.6925914
Chad,41.01999241,1.379838233,5.616027416,17.57227095,7.001183558,,35.56450309,42.69624621,278.8086344,1.30120837,22.60192062,46.4632752,4.691696977,24.59206059,529.308858
Chile,2.265019184,1.498768691,,28.4632069,10.86090408,,14.23684084,2.174175126,3.979421138,2.960203177,56.70823506,7.442981045,3.400575759,8.337481086,142.3278121
China,87.49882808,96.25919495,,543.1757133,510.1762197,,73.90196686,239.0204845,10.34089277,32.10352495,326.7697164,121.1736518,32.80939106,229.5715182,2302.801103
Colombia,102.5050509,3.504043421,0.014486,64.44933875,29.02607984,,337.2045028,10.63956261,69.32259541,12.86008036,8.914061963,33.59704498,29.05977246,102.4477666,803.5443861
Comoros,7.856165771,0.8135127506,43.634016,11.69570483,1.066528407,5.043467011,8.071085679,14.30670802,2.153815773,0.4045167095,5.911995433,4.173593539,3.983881419,2.877512054,111.9925034
"Congo, Dem. Rep.",152.9646521,28.98852242,646.5165414,115.7031156,35.33786119,0,274.0737142,566.6118005,415.197522,66.52016256,326.3343693,79.41981379,56.86270579,100.2887839,2864.819565
"Congo, Rep.",19.60519989,2.250210162,32.55519377,21.24312966,7.202213316,,8.566187423,28.37342398,8.489302749,1.937737659,42.45976808,9.110188066,1.368531052,3.230126743,186.3912125
Cook Islands,1.820206563,0.5839344969,,4.680741161,1.466457644,,1.704938977,0.8532868282,0.9798423867,3.865915383,7.787182944,0.9730308886,0.4712165769,2.247770098,27.43452395
Costa Rica,3.161404579,0.199458621,5.09375,11.25561319,6.296348051,0,5.342088355,1.361234009,0.7671112488,4.919540781,3.784657693,8.55464954,3.75091091,9.477388183,63.96415516
Cote d'Ivoire,14.48638248,3.498583806,3743.722771,39.87204706,5.068950991,269.9360174,51.65083355,129.9517461,99.70514946,10.04456885,61.66532319,72.58154198,19.65473428,38.26264096,4560.101291
Cuba,10.97062204,0.005009464569,,6.707006853,6.712099755,0.001285347044,17.21077798,11.44210917,6.875597411,0.8497934651,2.965092431,7.988288932,4.022200744,7.57666459,83.32654818
Djibouti,9.182021416,0.53213368,0.05399097686,16.93334964,1.135938118,49.852349,5.402789327,17.4730886,17.22119204,0.2404716856,8.663707172,12.72947813,3.687223909,21.81195898,164.9196927
Dominica,0.1790489383,0.1242755398,,0.08962051762,4.027318178,3.13996,0.6813418287,0.1284955124,0.07690488432,0.2073842056,11.89696905,0.5622256752,0.2647833836,4.064921807,25.44324952
Dominican Republic,23.16913465,4.602584238,0,23.07965354,9.010157574,47.2067982,20.83803019,49.47880738,3.776585785,7.454829666,138.2487873,9.067824952,5.375159967,4.787307914,346.0956613
Ecuador,26.69371543,3.829822688,,44.7038099,27.07673445,,28.62412767,11.03951902,9.703669645,17.47642438,9.025924647,22.83818458,5.612499891,21.28212034,227.9065526
Egypt,54.5456437,133.1316121,74.67466933,135.7975691,36.13735938,,87.45409587,26.65562197,13.66045927,420.9898189,897.7643522,115.17403,42.3105117,80.91972939,2119.215473
El Salvador,17.11619807,12.20566794,5.07237577,29.81119601,3.866976948,,38.57899655,17.84444555,11.32126879,8.297706206,96.70106831,28.96584025,31.17671985,3.200853518,304.1593138
Equatorial Guinea,0.9998137244,,1.466650103,8.446148766,0.5460472594,,1.56145338,4.604785785,,0.01232438231,0.0837220671,1.903904154,0.4686041736,,20.0934538
Eritrea,4.085477163,0.3230358439,,17.55427822,2.440360276,50,5.242984686,32.87271244,7.964273947,3.477894522,2.056950552,4.282078917,0.3027711673,1.290820678,131.8936384
Ethiopia,467.171727,20.13109751,3.702985728,269.9812763,30.76993693,,121.5745038,756.8172962,434.8078859,14.18340576,373.6771514,393.6598764,174.0603834,188.7473717,3249.284898
"Europe, regional",9.303871595,31.43635177,,51.12287306,35.61472937,,214.0750452,39.57686572,27.72942365,40.9068643,45.80835073,251.9645157,25.84043832,15.62831208,789.0076416
"Far East Asia, regional",11.0703099,7.751518472,,3.152670463,31.53708495,,31.08912335,21.52722439,30.26680495,11.97794832,28.54026256,54.18972304,3.090982611,9.551036125,243.7446891
Fiji,9.490591497,2.600916659,,23.83144598,5.336732813,0.1361285053,10.21064652,16.75517036,15.47905504,1.986549058,2.408331267,13.75780034,5.565019895,1.213243274,108.7716312
Gabon,5.530191681,0.1286279263,8.803960424,26.88709162,10.48622635,0,1.574808858,7.403050443,0.0269,4.541009799,18.48651145,3.824662673,1.231436793,10.28330781,99.20778583
Gambia,11.52085287,4.017809715,0.1007305913,6.227627126,1.656093183,17.16978838,9.763799225,31.85708181,1.634565065,1.203604911,39.01495556,19.3005218,0.9850642273,3.892904992,148.3453995
Georgia,15.94569024,34.58933582,,44.96134783,4.997538564,,166.2019269,39.95466268,33.2177066,30.75328801,250.8890164,30.02049699,9.397242252,51.29942248,712.2276748
Ghana,183.7531465,74.20756449,0,85.14436139,28.27542552,432.4899691,152.2211336,309.6581736,5.597094559,43.57810058,343.5516595,96.05663454,50.56518344,95.82434592,1900.922793
Grenada,0.06015354493,0.02273447037,0,0.4141535119,0.03140575227,0,1.928573217,0.06725380304,0.286907196,0.3205522073,0.05261307144,0.5013315505,1.681393068,0.9585176607,6.325589053
Guatemala,52.79419239,7.150480096,0.371318,31.04858333,14.56301154,,105.8374197,46.16483445,8.333070381,12.10180088,28.66565838,26.24208829,7.093414217,5.213190117,345.5790618
Guinea,13.60104283,1.881417428,1180.552401,42.35995361,7.868494446,70.32758815,31.45859707,57.99540041,9.771807636,0.9458080913,58.77059528,52.51200766,9.766311694,5.615858774,1543.427284
Guinea-Bissau,18.88456513,0.2106722108,1.344083096,7.911525397,2.514756067,0.1290343188,12.70315494,8.150480853,2.687448908,1.151000501,8.253733424,6.237283597,6.239216593,4.668291223,81.08524626
Guyana,33.75943811,11.65120147,,3.140979109,13.47324572,,10.07050953,16.05770128,0.30872477,1.030671465,15.65468512,2.537625085,4.288014301,10.82172938,122.7945254
Haiti,122.7341624,31.48844214,1.427845116,82.83575153,24.7873295,54.61529165,175.2897156,205.9209355,253.3500698,15.34399512,150.9448567,95.10395329,24.68535754,29.49328649,1268.020992
Honduras,49.3907744,11.82064567,0,42.9667925,14.80939863,8.611825193,69.83132892,75.234483,19.01765109,16.95029617,119.875199,55.67290625,90.24871481,22.53215801,596.9621736
India,287.0668832,92.96394489,,257.1928315,98.01236716,0,160.5791661,719.139123,50.43352813,146.744158,1269.857814,191.1159304,80.05651142,429.7659786,3782.928236
Indonesia,158.2788467,24.3038332,23.83532768,409.6335056,106.1523061,0.03887541408,224.2616218,310.6237211,49.2744106,40.36040313,520.1129316,194.7247356,66.60019083,179.4368296,2307.637539
Iran,3.763080478,0.01073751842,,75.70744497,5.402423859,,4.529206466,19.74904473,19.46398529,0.5407741451,0.7918815076,4.013991698,2.526679527,1.220978699,137.7202289
Iraq,42.81420552,71.39479866,,73.09383035,4.589194669,,533.4508972,26.67813853,93.17469523,103.9859762,224.4769428,25.93680991,10.89214385,84.39459108,1294.882224
Jamaica,3.155605282,1.462756224,1.030545248,10.56862828,5.34201552,0.08738429306,21.99469177,8.95369092,0.6649013975,3.304079559,6.90950222,7.823448289,5.449250505,1.146298269,77.89279778
Jordan,25.53963451,31.481576,0,233.3562287,14.34746607,275.7305469,360.2549956,80.12617751,90.93770083,20.64919612,164.3977403,213.3879733,16.27540546,114.5662604,1641.050902
Kazakhstan,1.266204728,1.075087488,,21.22730394,4.841893095,,23.61690661,25.81291279,1.022427236,7.049174118,28.11973666,10.69452496,2.720028534,1.160980356,128.6071805
Kenya,193.4707847,52.21045808,214.2443778,100.8877391,45.40368183,230.7042141,181.159001,851.6616775,379.5956157,44.1334728,552.9365079,75.69289619,63.4244093,176.9430068,3162.467843
Kiribati,2.135938677,0.4031499006,,15.24022441,1.898700358,,4.138592726,6.171476206,0.8645040803,1.537577863,26.42018913,4.035449834,0.5724454322,1.942991166,65.36123979
"Korea, Dem. Rep.",9.047616104,0.1645611547,,3.606608399,1.739183603,,4.142374543,20.33431851,34.35238191,,0.06709641256,2.187206518,0.3963824809,7.035041572,83.07277122
Kosovo,20.25454349,24.51883151,,34.09358456,5.134718307,1.253333333,322.4622268,9.88323049,9.791472945,8.878026731,26.90770334,44.09593768,10.67170582,30.26904241,548.2143574
Kyrgyz Republic,27.83865019,7.845291296,0,30.83867003,4.19949302,29.14495,58.60345568,40.07295253,17.32599825,12.56921113,74.95980269,44.65623052,24.37215129,13.29077951,385.7176361
Laos,43.57053832,17.81191463,,63.4788426,15.97202846,0.1762753985,55.66429927,60.91116967,11.18960772,19.87479565,86.10459044,57.94613002,7.850143261,24.60454641,465.1548819
Lebanon,25.31873579,3.210450215,,141.0902587,6.389441593,38.56041131,81.20215198,32.00849332,304.9050394,12.62787329,62.21139678,51.9496781,8.622837574,95.99405574,864.0908237
Lesotho,4.554739683,2.194359193,1.936834924,3.39817935,1.184603215,53.37651895,16.85337738,98.4765158,7.277705179,0.6845469478,15.39941481,15.0387727,13.73711577,73.33023447,307.4429184
Liberia,56.65858875,14.52376586,0,34.11619514,6.774748835,34.47007787,85.3535836,109.1085342,71.14757331,6.598809255,100.5151455,26.79577093,15.92180377,9.262459533,571.2470566
Libya,1.456977844,0.003563,,10.23111166,0.3560539846,,89.26795457,2.320799983,32.55027943,0.253477617,0.235747952,2.55359642,4.325891129,0.396337,143.9517906
"Macedonia, FYR",6.101705571,39.45026354,,16.27929878,6.915579405,,26.65704705,2.160962949,2.072895246,3.23184706,25.36781223,43.91923341,5.261671781,13.5995659,191.0178829
Madagascar,62.03266904,2.621487028,3.429898471,43.25386099,25.6240601,0.1186848072,24.32414035,97.60758208,26.45147894,12.34659184,39.59176132,38.02033883,14.69397569,16.28164186,406.3981713
Malawi,154.6552888,16.90136467,2.913377207,94.27654484,12.29497284,171.0033181,67.15823263,381.2144431,54.99967723,7.839691805,95.92077737,24.45279341,40.22775087,66.3094212,1190.167654
Malaysia,1.447816375,0.4341962888,,37.50467191,4.669133008,,7.410565047,3.085323534,2.55678614,2.61694524,7.425987073,6.138687731,2.833612947,178.1906466,254.3143719
Maldives,0.2026095803,3.201658069,,2.221298161,7.961645759,0.1361285053,19.78106875,3.858260688,0.5866972651,0.09990447792,2.896777637,11.49148733,11.45670898,4.55828611,68.45253132
Mali,194.7802597,12.35909885,17.31126387,67.05163982,12.89119047,10.32794038,54.45161143,169.3393964,240.9282143,7.260979981,152.0802268,62.68605092,16.29787443,28.81683747,1046.582585
Marshall Islands,0.7199740025,0.3697131025,,21.67007413,1.724911869,29.484,1.024851921,8.907217698,0.8552763437,0.2579208751,6.261950958,5.019149001,0.4874061128,1.458344466,78.24079048
Mauritania,41.97951462,1.807952795,1.824653586,21.25093664,16.33984026,33.81966,20.83925835,15.61252925,56.91324269,3.263573728,160.1737361,40.36109641,3.201305577,42.94163045,460.3289305
Mauritius,1.093049633,0,,13.69582388,35.18774508,71.82446427,1.563833388,2.442679426,3.951952795,28.11170944,17.58619869,3.181029285,1.039514978,19.97195226,199.6499531
Mexico,2.908168069,29.31855735,,58.74061694,58.74493922,,182.4532388,21.4762144,1.709551526,11.25009331,119.3600788,21.60661668,15.98395258,4.607421603,528.1594493
"Micronesia, Fed. States",1.86648077,0.4479131757,,42.57917704,3.943639738,26.159878,5.370740713,22.86463358,1.259100687,0.5255068504,2.556020514,7.885706763,0.6531491788,0.2267579335,116.3387049
"Middle East, regional",8.97887505,17.6884841,,54.77466625,2.845876602,,105.589008,6.61864733,92.4912058,9.23848034,8.955956058,28.37829169,7.144438216,11.29618598,354.0001154
Moldova,36.39124431,62.89077035,,17.22601143,2.101509046,85.85892131,48.3715657,34.60399929,3.281122276,18.05525941,68.93270468,40.04649072,19.26163287,26.97002463,463.991256
Mongolia,22.08833992,32.27455444,0.755265679,75.78746455,33.064271,19.42024918,23.30743218,28.37213926,1.930434204,51.54496969,85.43168549,54.3747961,30.11135375,37.13924094,495.6021964
Montenegro,5.001781075,13.43578701,,4.882690656,6.079117322,,17.56684758,1.38079527,3.57194951,3.135364444,9.239518365,5.279653355,1.848933675,39.92338459,111.3458228
Montserrat,,1.080066408,,0.8806314831,0.1393197275,6.593830334,16.00439609,,0.9305199493,0.9897511329,7.709484503,0.8062284788,5.156391634,,40.29061974
Morocco,182.6265132,20.91814147,0,354.0142515,20.70595262,4.431762005,42.85876108,49.91819212,11.98309536,256.9848687,624.6685864,171.7238957,49.55756462,228.9230738,2019.314659
Mozambique,190.2403593,40.2302951,7.060493175,147.0651073,42.42016429,343.3767923,243.8740056,495.7122498,25.98377896,29.55160489,259.3837475,159.9970511,24.22290811,152.7284991,2161.847056
Myanmar,37.19164459,4.846671456,2.627266742,64.135354,2.035195821,,61.97059081,160.8708685,109.4649153,3.22078946,9.56611659,40.94824659,10.44290606,8.503600259,515.8241662
Namibia,14.59855348,7.066582692,,61.60864782,11.4930569,,8.576573296,127.8012358,5.213531459,11.39921918,15.73308198,23.81404327,3.245178222,10.34374373,300.8934478
Nauru,0.5681675077,0.3697131025,,5.350950125,1.412790201,,8.197246675,3.294250273,1.360789679,0.183334589,5.775675894,2.148318159,2.282052182,0.2366238335,31.17991222
Nepal,72.08017975,10.91849477,6.212597316,156.5406133,21.19118694,,134.7316378,124.0090529,48.52532329,13.38255338,177.264439,89.97035436,25.83478826,44.90312422,925.5643452
Nicaragua,45.89741962,26.01344044,0.8252902057,27.36359365,16.08484875,,64.35977918,60.57079317,15.23183933,21.65808569,142.0709377,20.41221113,66.66202961,42.00820552,549.158474
Niger,162.0262992,28.93843634,7.721090398,27.5039202,5.576903119,133.2295622,86.98920764,61.8790721,255.8097919,3.635813836,36.60449024,58.27765838,19.85819109,25.99054747,914.0409841
Nigeria,75.41837085,35.66450342,,147.3670767,15.38281227,,234.8053041,942.93989,18.40983031,32.52735214,233.4843507,120.7576271,37.76418942,108.0876162,2002.608923
Niue,0.2981787195,0.3697131025,,3.339138423,1.41279019,5.852700624,3.76203255,0.3788112259,0.02415628414,3.406137263,0.6264248072,0.1805881595,0.2717685913,0.2232303952,20.14567034
"North & Central America, regional",18.14368734,30.74441588,,16.81112626,83.23149737,,131.5742293,34.0091291,4.268043972,18.17239598,124.2254469,49.27085642,8.002288439,23.14572807,541.598845
"North of Sahara, regional",2.809646365,14.5821753,,78.28092719,1.846657705,,40.43146345,6.946036165,8.570334558,1.742003503,6.921463202,42.09901195,8.712653319,6.385691655,219.3280644
"Oceania, regional",15.46340746,9.846049101,,20.37253887,30.59382465,,50.51505376,41.62531216,7.357605787,10.36628644,7.371305964,48.10022423,5.98296612,3.062462643,250.6570372
Pakistan,170.3500961,65.85660602,74.22299119,420.7407419,21.68891423,,235.6416054,440.7871734,530.3243949,13.12858007,400.4053735,172.8415662,261.2763969,82.64983042,2889.91427
Palau,0.6489768082,0.3697131025,,1.458701387,1.91534427,,3.261352413,0.287958988,3.808757906,0.2136301777,1.65686949,0.548643362,0.5784277023,0.2359247046,14.98430031
Panama,2.674754234,1.865648004,0.214063,4.416976339,6.120282314,,8.761359401,3.259999029,4.126867365,2.899173498,7.044047728,3.6324891,2.091425927,18.58752453,65.69461047
Papua New Guinea,18.60678917,3.227155612,,102.7237879,12.58902923,,175.8652484,159.5136556,3.576071156,19.80687335,122.9198457,73.75515276,6.46452312,11.5277417,710.5758737
Paraguay,10.45841404,32.96134657,0.493511,15.30806263,2.227807591,,36.98300846,17.28287009,2.402826951,4.632455043,8.727950231,8.275409808,18.30676969,10.36872946,168.4291616
Peru,64.89268855,44.39062494,16.57968082,47.05049099,48.55791737,,86.83417525,60.85446399,6.987104381,26.29989864,39.96960792,38.96848314,29.68258143,57.69601311,568.7637305
Philippines,105.8750431,14.02073291,0.61353,112.4774403,75.63412865,97.41447573,102.1771327,89.18256648,120.0473154,14.26885025,132.655542,99.17504707,39.83868217,5.463770777,1008.844258
Rwanda,80.63523205,12.09181592,1.480035839,58.27886845,7.363781977,71.31622694,74.32311779,313.0868456,27.20473146,7.605515868,96.59990553,46.64086462,69.75716686,30.09894727,896.4830562
Samoa,2.243340256,1.590064765,,24.21577011,7.792329631,1.558050045,34.08544363,11.75168699,1.187095007,2.805217686,24.87279552,6.800159918,2.252131814,8.230632896,129.3847183
Sao Tome & Principe,5.978656752,0.6395701716,0.09716187573,8.17772891,0.00037342,0.56672,4.946087444,6.386511739,0.00329885,1.492068197,4.929903452,12.18117386,1.745788807,0.4951834096,47.64022689
Senegal,92.5331116,20.24224572,10.9478747,181.0416564,22.222352,213.0464261,70.67128086,152.2498143,46.3251928,13.00341663,146.9645319,86.45522645,26.10614057,69.420701,1151.229971
Serbia,12.73105952,242.5969436,,60.28862157,14.23843856,,151.2834944,25.25117779,13.77533928,253.0611515,247.7130433,120.7356504,29.37757754,28.30644977,1199.358947
Seychelles,0.1355314396,0,1.400914481,1.066987637,0.6921812351,4.55343042,0.5863712996,0.5978575486,1.585886166,0.1868132774,12.11448915,4.397492764,1.012832415,0.701626841,29.03241468
Sierra Leone,42.79509453,2.56561322,,20.60982692,5.45466617,43.42581702,98.94345022,71.33092792,19.06402412,5.899281153,71.68072895,20.37902045,14.37696429,28.33864733,444.8640623
Solomon Islands,8.517431988,1.978985775,,29.4431593,1.615458869,1.814963599,166.5965905,19.54037246,1.056881847,5.436563396,32.8830782,28.88249553,1.088704089,8.667486314,307.5221719
Somalia,41.54159615,2.821293235,0.5854139075,49.03212935,7.109804551,0.1633542064,147.3050313,98.29045597,509.8454558,10.08301353,8.889937001,18.60292849,6.162190411,11.03290684,911.4655107
"South & Central Asia, regional",3.833433665,0.02510407895,,7.586383235,17.41177729,,27.64148447,22.72345999,44.11504192,1.677953943,4.770604938,139.167139,0.1931577283,2.602911745,271.748452
South Africa,17.28393345,14.30515795,,94.51973957,59.82503569,53.98457584,64.52500361,667.7695983,16.52105587,31.97261745,36.72094141,97.89853663,101.3599662,4.478802457,1261.164964
"South America, regional",12.7954337,11.13487815,,28.29931095,74.56253448,,74.6163238,12.45867137,7.26095175,12.22159929,77.56669101,53.21140549,8.18402511,16.0867792,388.3986043
"South Asia, regional",3.199457037,5.622190531,,1.590293459,5.030738325,,11.4329192,1.810409822,84.75676528,3.514293714,0.130008289,9.952275224,3.762004426,0.5647924677,131.3661478
"South of Sahara, regional",301.9927057,123.9082433,2.892030848,110.9645332,155.5047608,,339.0937299,372.6927049,598.2570148,149.0094824,294.0111438,428.6275755,37.31662644,92.37439047,3006.644942
South Sudan,65.29165429,11.10393369,,66.13990087,3.769334468,,261.1637562,203.0500069,816.1542824,6.275251365,74.49028245,43.99580882,3.163470181,22.44414196,1577.041824
Sri Lanka,30.22617463,11.82743923,,69.18268981,3.651363975,,86.14513144,37.06872446,92.84079385,10.64919806,432.7127562,80.17546262,30.99369057,107.2330787,992.7065035
St. Helena,,0.5053172556,,0.4630518349,0.2821189193,,0.7404480906,21.22894039,,1.485798812,142.4353431,1.068105869,,,168.2091243
St. Kitts-Nevis,0.1506090064,0,3.64443036,0.03733464145,0.01241007764,19.51570463,0.5229979924,0.107656,,,0.0660648072,0.4498363046,0.002570694087,,24.50961451
St. Lucia,0.5235064606,3.059188239,,3.410712394,0.05546650935,3.998525707,0.6759147843,11.58537356,0.2389828725,3.124287322,2.715036577,1.182715793,0.4637034629,0.0457691421,31.07918283
St.Vincent & Grenadines,0.1989270342,0,,6.385856785,0.04597986749,,0.9196890587,0.5253409319,1.34443605,0.2581044357,1.050491355,0.8989787255,0.2040298534,0.05430152255,11.88613562
States Ex-Yugoslavia,,0.1606683805,,0.2219705141,,,1.52076355,0.021342,0.6426735219,,,0.04757885604,0.09797227701,0,2.712969099
Sudan,143.6521916,1.111630131,5.33144471,27.68521618,8.297652661,,106.8518718,147.4858971,402.3346074,14.35666262,65.48910857,34.66384065,7.385998428,27.17100027,991.8171222
Suriname,0.2928310094,0.4403865064,,2.465170968,1.457791064,,2.104702575,3.651349203,0.06696934447,0.06772750643,25.59897857,2.893169024,2.531937758,0,41.57101353
Swaziland,13.58411718,0.06155455321,,7.570868304,0.3777260298,,4.114662291,52.91862405,2.469695939,0.7559658205,11.20064301,3.161305211,1.126377393,0.4833748872,97.82491467
Syria,4.590465278,0.4569238199,,95.09968194,0.8407753451,,18.90354183,14.7753983,452.6903384,0.4282733341,39.75225102,22.27187108,1.951046186,1.093158482,652.853725
Tajikistan,29.04720536,15.31178748,,21.75445436,4.542666307,39.96173,49.81115878,51.90594244,10.57691122,4.701480388,86.1692968,55.33178569,12.27872036,20.46635468,401.8594939
Tanzania,154.8728957,73.15711032,1.721873684,192.2406734,49.62091243,339.735164,218.3148017,759.6413674,41.62616347,75.48450021,530.8999237,117.156033,76.7998446,218.1242121,2849.395476
Thailand,12.65327616,2.003970415,,45.86824814,14.30203499,,30.0054471,44.86397994,85.38561456,3.869558973,200.4098126,25.69976825,6.612981699,14.33086914,486.005562
Timor-Leste,23.34523608,10.33010749,,34.72258444,3.834570713,,95.65089899,33.30855684,0.3470465019,3.110303442,28.21954498,28.78372282,3.864201831,16.65733838,282.1741125
Togo,11.3161676,1.91242164,55.09877991,15.62675879,6.755041633,0,50.12437574,22.27122725,8.332140074,1.698427116,27.06253411,27.54430881,9.036739017,9.523362389,246.3022841
Tokelau,0.2981787195,,,,,10.49477691,0.7150365483,0.02789891,0.01460604097,,6.48026075,0.3688119502,0.3357440602,,18.73531388
Tonga,2.001024689,0.8253931718,,11.64771304,1.614040263,5.175983437,10.0980905,8.325872863,3.745975086,3.030053765,19.32886229,12.86654458,0.8631748047,0.9378017928,80.46053028
Tunisia,24.41272988,119.378743,,132.111603,39.25527888,81.28781532,144.8814873,7.179474796,11.86243452,94.21330742,339.6979724,213.685883,26.5234051,88.6715454,1323.16168
Turkey,1.932016531,1206.927496,,139.0115736,113.5941895,,111.5380893,3.982819224,33.39950637,376.634454,1282.348646,200.0956106,63.97846512,58.57562521,3592.018491
Turkmenistan,2.11407042,2.245938867,,4.23847712,1.685068765,,7.577602833,3.69652284,1.225741987,0.3070055611,0.450657115,3.653037356,0.2059039696,,27.40002683
Tuvalu,0.8120841781,0.4543953456,,2.893106441,1.44935793,6.211180124,2.080575093,0.4669948719,1.736120509,0.2136301777,2.769142593,4.050359581,0.3563555017,1.437194932,24.93049728
Uganda,168.8930927,16.27125091,0.0980555077,115.7477388,22.88352943,53.31108738,162.8168744,643.6726177,65.26785582,30.83112486,199.8009862,60.76686566,57.64110446,84.0363041,1682.038488
Ukraine,14.31304572,25.33014496,,78.4490238,26.82467748,,167.1730575,92.74435587,5.023918932,10.52434231,272.4857782,33.91893573,12.33730285,0.5048789866,739.6294623
Uruguay,0.8007051891,1.063342841,,5.787363287,4.365207551,,4.553831986,4.540053996,0.02301256774,0.7402474069,0.8955162923,2.54012195,2.047800484,0.3211674012,27.67837095
Uzbekistan,34.03197663,10.12926735,,47.29095366,13.40653836,,11.42964782,67.45229511,1.036033324,17.78512223,38.22931166,13.19291668,5.257936371,36.29027356,295.5322728
Vanuatu,4.268833743,1.605551716,,21.57349496,4.063133854,0.8067834319,27.3959097,10.38197684,4.672431983,2.547506094,12.1418179,10.62903814,4.939429725,0.3078382887,105.3337464
Venezuela,0.4733483968,,,15.56482511,0.7786318972,,14.22334516,2.662294746,4.065629242,0.6048397816,0.3347967662,5.064909061,2.941083591,0.7211832354,47.43488699
Vietnam,240.0267331,68.02014758,18.46730443,234.8882993,213.4913585,90.3619438,243.3608877,296.3282371,51.35170906,115.1960479,2422.501766,355.0675816,27.91995383,382.7466195,4759.72859
Wallis & Futuna,1.593884087,,,64.36601872,0.4162448972,,1.397205077,0.2770374165,1.058210116,,9.108700527,5.417308907,36.98597855,,120.6205883
West Bank & Gaza Strip,35.95121737,14.99949036,,324.8745169,1.727284966,164.608812,360.8614648,127.9249504,304.646115,13.34886128,23.15774109,190.7542072,272.6560289,105.4513867,1940.962077
"West Indies, regional",2.364600005,31.51676346,,6.867750657,37.50498642,,43.63599707,30.33862081,14.36100819,25.53602984,27.89794673,7.567850155,1.570823786,5.004123299,234.1665004
Yemen,40.57697823,5.584131103,1.008034146,70.36735577,6.88544226,93.24149,66.05901122,92.24445437,263.8940595,14.31671275,49.59821576,20.33732453,67.98260852,29.90909199,822.0049101
Zambia,65.23661007,4.91605009,0.6493702476,44.87860417,15.20079192,106.0644706,79.96278288,445.8802329,11.23705007,11.79630356,59.35692031,56.66017342,27.94518937,72.76911108,1002.553661
Zimbabwe,96.06071443,1.84290551,,65.40478412,1.483003937,,133.8165014,430.3818377,131.7642779,1.024752725,5.575083804,44.18195257,36.32931449,64.05972031,1011.924849
Grand Total,8942.250605,5472.993947,6444.781604,11616.24391,4508.78761,4840.098605,17293.03402,19971.31133,11149.88521,4264.074121,21873.19236,24413.44317,4304.904251,6502.927788,151597.9285