donor_code,1,2,3,4,5,6,7,8,9,10,11,12,18,20,21,22,30,40,45,50,55,61,62,68,69,70,72,75,76,77,82,83,84,87,104,301,302,546,552,566,576,613,701,732,742,764,765,801,807,811,812,820,901,903,905,906,909,912,913,914,915,916,918,921,923,928,940,944,948,951,953,958,959,963,964,966,967,971,974,976,978,988,990,1011,1013,1311,1312,1313,1601
donor_name,Austria,Belgium,Denmark,France,Germany,Italy,Netherlands,Norway,Portugal,Sweden,Switzerland,United Kingdom,Finland,Iceland,Ireland,Luxembourg,Cyprus,Greece,Malta,Spain,Turkey,Slovenia,Croatia,Czech Republic,Slovak Republic,Liechtenstein,Bulgaria,Hungary,Poland,Romania,Estonia,Latvia,Lithuania,Russia,Nordic Development Fund [NDF],Canada,United States,Israel,Kuwait [KFAED],Saudi Arabia,United Arab Emirates,Kazakhstan,Japan,Chinese Taipei,Korea,Thailand,Timor Leste,Australia,United Nations Environment Programme [UNEP],Global Environment Facility [GEF],Montreal Protocol,New Zealand,International Bank for Reconstruction and Development [IBRD],International Finance Corporation [IFC],International Development Association [IDA],Caribbean Development Bank [CarDB],Inter-American Development Bank [IDB],IDB Special Fund,African Development Bank [AfDB],African Development Fund [AfDF],Asian Development Bank [AsDB],AsDB Special Funds,EU Institutions,Arab Fund [AFESD],UN Peacebuilding Fund [UNPBF],World Health Organisation [WHO],International Labour Organisation [ILO],International Atomic Energy Agency [IAEA],UNECE,OPEC Fund for International Development [OFID],Arab Bank for Economic Development in Africa [BADEA],IMF (Concessional Trust Funds),UNDP,UNICEF,UNRWA,WFP,UNHCR,UNAIDS,UNFPA,Islamic Development Bank [IsDB],OSCE,IFAD,European Bank for Reconstruction and Development [EBRD],Climate Investment Funds [CIF],Council of Europe Development Bank [CEB],Global Alliance for Vaccines and Immunization [GAVI],Global Fund,Global Green Growth Institute [GGGI],Bill & Melinda Gates Foundation
Afghanistan,0.57443067,0.45902725,87.99200986,21.36092178,362.0666401,103.5730313,55.4414805,85.8983351,0.6747096,103.6870632,34.99590898,458.2933574,29.24900268,0.626385,2.7570576,1.1557174,,0.2903823,,0.9112924,56.78,0.1218051,,3.72217831,0.29162521,,0.03,0.1560275,0.55028928,0.2381064,1.65280079,0.115091,,2.56423,,148.0837624,1642.627142,,0.0311493,,56.7676455,8.18952,317.2026047,,54.599066,0.0162897,,204.5345349,,4.95008,,3.5803617,,,137.2553673,,,,,,,125.93217,192.2828068,,,3.2140473,0.3505,0.0596007,,0.15,,,8.38914126,35.92969916,,2.786071,,,6.24091877,6.31474,,8.85351,,,,21.285,23.25814,,3.9003172
"Africa, regional",5.012621,9.1134528,38.30710615,198.0577287,654.6632121,17.3434124,15.161055,63.07917983,0.890358582,85.87982273,37.45707966,362.7367623,66.03316547,,3.34651973,6.1259694,,,,2.526994375,32.47,0.2410991,,1.22890952,,,,,0.0291762,,0.1996668,,0.0109356,0.411345,,123.7518072,75.349996,,0.03022,1141.17,1.1551865,,371.10244,,202.355873,,,10.91053286,,5.042934,,0.69968353,,,36.2922913,,,,262.72515,73.84307,,,550.3259058,,,47.53481401,14.12866,8.8446,,5.5,,,9.892781,,,,,4.755452,,,,,,,,,4.95701,,100.0537415
Albania,10.28303092,0.021063777,2.60061233,4.05579377,79.82445328,25.68077056,,1.80494117,,9.470572493,22.6138198,1.007953929,0.365441504,,,,,1.589949461,0.00139545,0.10133713,85.73,0.0729936,,0.28434382,0.34824169,,0.17,0.03971707,0.11179005,0.736136653,0.00887409,,,,,0.2173198,16.298413,0.006443,0.8098797,,9.7299977,,15.50357416,,0,,,0.1234804,,1.9603027,,,23.5614857,,5.7139568,,,,,,,,111.8475273,,,0.25681685,0.25212,0.274509,,2.76498372,,,0.53617933,0.97353475,,,,,0.46029475,21.1331,2.945514,0.491632,18.3640017,,2.042151,,,,
Algeria,0.118780355,3.0769933,0.0311758,97.60027934,6.96486211,1.24435125,0.0141109,0.735054,0.17794432,1.5472618,3.8738105,4.087956568,0.147057,,,,,0.1370559,,2.04774762,1.59,,,,,,,0.72396546,0.00238714,0.086277,,,,,,0.07823666,4.875917,,,,0.0906193,,1.439013719,,315.374801,,,0.031377288,,0.7071977,,,0,,,,,,0.01854,,,,48.36191535,0.099734,,1.2564977,0.32911,0.394487,,,,,0.99487906,1.50497754,,0.811232,4.04169,0.197423,0.38189758,,,,,,,,,,
"America, regional",3.1866767,2.565436,11.3302,238.998824,514.251536,9.74249969,3.13306168,298.4146332,1.6446989,3.51677684,14.7915382,3.532158633,3.3597367,,,,,,,15.34142519,16.85,,,,,,,,,,0.103161,,,0.308508,,107.5385652,107.55681,,,,,,11.02909154,,181.568922,,,0.770787,,10.785134,,,,,,,,791,,,,,41.78561002,,,61.4965963,12.97759,5.59733,,0.3,,,0.667724,1.77210399,,,0.418164,,,,,,,,,,3.8973,,0.0648072
Angola,0.00982209,0,,4.980944852,2.22817192,1.92954449,,6.5978276,8.52860307,1.22446526,0.2522601,1.98103148,0.5262469,,0.6760532,,,0,,0.09908203,0.08,,,0.00628156,,,,0.102582,14.80219,0.20916,,,,0.055591,,0.05499495,73.541904,0.01348,,,,,197.303181,,13.614767,,,0.049552962,,4.835967,,,450,,53.40000512,,,,,13.63754,,,26.90253079,,,3.23796874,0.63388,0.217948,,0.941414,,,2.77945677,7.741660922,,,2.77607,1.060262,2.49655399,,,0.956911,,,,10.39308,2.27239,,1.0292808
Antigua and Barbuda,,,,0.01346199,,0.04082085,,,,,,0.0039264,,,,,,0.0048985,,,,,,,,,,0.00042623,,,,,,,,,0.017912,,,,,,1.530747651,,0.190815,,,0.06175523,,0.623607,,0.0202105,0,,,42.2224963,,,,,,,0.11585168,,,,0.06946,,,,,,0.00021364,,,,,,,,,,,,,,,,
Argentina,0.28405219,0.00691514,,10.49105252,53.01427115,1.719446775,,,0.10822186,0.167071011,0.2229774,2.41355281,0.06431356,,,0.081079,,0.074397066,,1.023337492,0.02,,,0.01955643,,,,0.0274184,0.00226778,0.000763027,,,0.00439356,,,0.641648419,1.174296,2.83409,3.01812,,0.0077281,,42.91153596,,3.12874,0.0684131,,0.3682472484,,5.848109,0.7382,0.115013,572.5408966,,,,917.13247,0.57056,,,,,9.08072433,,,,1.62557,0.515896,,,,,0.45150854,1.38507196,,,,0.846262,0.52686744,,,1.88453,,,,,,,0.631715
Armenia,13.76526127,0.2286373,0.7690916,20.62946683,25.43366012,0.31020276,0.06876759,0.562107,,1.2108365,6.480644927,1.8149078,0.2368868,,,,,0.296273836,,0.17001502,,,,0.29235603,0.06028841,,,0.07217182,0.346994855,0.21324353,0.03882421,0.014941,0.011585088,37.3725,,0.0379254,26.807976,0.011102,,,1.3352748,,3.96953291,,0.155009,,,,,3.8408964,,,101.703838,,15.28089436,,,,,,11.78086,88.71834,148.9605478,,,0.37174952,0.17915,0.137604,,37.8759,,,0.48066803,1.13921819,,,,,0.46892703,,2.908164,2.86171,88.688187,,,0.37462,2.82132,,
"Asia, regional",15.4899132,7.53527316,14.2384731,28.68212315,594.5784417,3.21320345,4.6772099,43.21592571,,35.01131514,10.05852345,100.2041207,33.04531183,,0.0406434,0.1293818,,,,0.49712157,169.31,,,,,,,0.0196071,,,0.0399334,,0.0890417,,,253.3629419,51.827717,,,41.9739,61.9133,1.202879,28.69588844,,497.161664,,,27.33081046,,,,0.7788442,,,,,,,,,61.81972,55.07326,56.40976634,,,,10.79593,6.9519,,0.375,,,2.24536,,,,0.186609,3.968824,11.24086681,,,,,0.70943,,,,,24.1811082
Azerbaijan,0.720416306,0.08,0.0469637,2.17011042,17.40242449,0.0185691,0.0426889,1.0172903,0.00342651,1.114001244,1.7512864,3.74428336,0.0670206,,,0.00437981,,0.00326567,,0.011871184,8.76,,,0.04098443,0.01231281,,,0.20654426,0.13309055,0.0726024583,0.0244038,0.044424,0.015006685,0.007493,,0.1323946,13.496022,0.314321,,,,,39.68761846,,22.659194,,,,,3.3249087,,,304.3875933,,16.88007032,,,,,,346.63364,2.5713,27.46861331,,,0.3611996,0.07905,0.376351,,,,,0.60799148,0.93093356,,,,,0.59125257,87.5874,0.858015,1.29154,174.149865,,,3.57396,3.5925,,
Bangladesh,0.83120069,1.3763526,21.27310405,35.05701834,82.82550145,0.66828715,46.60224854,4.26259983,0.0018325,37.3048448,37.8847772,254.7456863,0.784350425,,1.30650133,1.93140457,,0.02261569,,0.111027496,2.41,,,0.022029,,,,0.00511475,0.00954857,0.0133507,,,,,0.469196,49.15306623,230.031952,,6.978892,,3.7141042,,465.3645001,,57.734298,0.107401,,49.01752293,,4.674353,,0.3600613,,,890.1436326,,,,,,375.1843,353.05324,79.45160778,,,5.40736954,1.76325,0.818669,,29.33985,,255.821,11.22161852,25.39613819,,3.100735,,0.500462,7.04366717,133.30876,,36.70627,,0.1553,,86.34967,40.68207,,31.17529697
Belarus,1.19498484,0.00221852,2.629237666,1.86768992,11.95215943,0.31746751,,1.5299678,0.00831947,9.496053238,0.5891658,1.34074039,0.330569681,0.175138,,,,0.360855512,,0.02763775,0.05,0.0221852,,0.77359105,0.24488118,,,0.05056082,18.77186001,0.01125908,0.26622305,0.06632,1.169599146,2.97228,,0.1019791,14.259628,1.55961,,,0.0245031,,0.162782,,0.367839,,,,,3.3582897,,,72.8609219,,,,,,,,,,25.29313268,,,0.22005321,0.0147,0.638813,0.0093,,,,0.45695796,0.7876024,,,,0.112388,0.27095434,,,,22.388355,,,,5.65362,,
Belize,0.02498195,,,0.000643372,0.0164535,,,,,,,1.74956004,,,,,,,,0,,,,,,,,,,,,,,,,0.21714012,1.830501,0.032066,0.7122167,,,,1.88177563,,0.213637,,,0.18036659,,1.8734533,,,2.9483409,,,19.939237,9.50861,0.39367,,,,,11.4680867,,,,0.07321,0.15239,,4.296274,,,0.10745543,1.34844472,,,,,,,,0.180277,,,,,2.83972,,0.0684
Benin,0.034272739,19.78653098,0,32.55288827,38.38007624,2.368916837,17.75324002,0.0189725,,0.65343506,26.00742986,,0.0663339,,0.0332402,1.0423944,,,,0.20925625,0.3,,,0.0118873,0.00615641,,,0.00042623,0.005949318,0.00295448,,,,0.085765,,6.63068945,35.726416,0.006222,6.64012,,1.1951143,,12.9028367,,0.124949,,,0.02910058,,4.443271,,,,,110.4370405,,,,0.00279,34.15067,,,48.92224893,,,1.40531039,0.32695,0.353478,,2.7089118,7.10291096,,3.7810377,5.30517716,,1.496697,0.480592,0.482244,1.83240576,12.73442,,4.43626,,,,5.10793,20.25378,,1.2289947
Bhutan,2.77520388,,0.0216091,0.01631056,0.8008344,0.04962949,,3.5711628,,0.0563506,4.16370672,0.115624,0.3576207,,,,,,,0.000893739,0.08,,,,,,,,,,,,,,,1.450047305,1.001004,,0.0291726,,,,16.00298965,,0.723863,0.842326,,7.122200005,,3.788173,,,,,23.07106,,,,,,0.0385,31.02364,1.844537,,,1.17698505,,,,,,,0.68621117,1.35393695,,0.198385,,,0.93648744,,,1.7686,,,,0.33088,2.41399,,1.1517156
Bolivia,0.13157095,14.36930679,24.04411634,10.71797197,31.79689741,6.469444165,1.767508611,3.59504473,,23.13863613,42.40375374,1.26173408,0.86453579,,0.2768595,1.3626249,,0,,11.62514384,,,,0.03436912,,,,,0.0598253,,,,,,4.43705,12.67732547,2.240141,,,,0.0120439,,10.74655197,,21.668321,,,0.203628919,,2.8697023,,0.0416872,100,,169.8181627,,19.6579,337.15163,,,,,51.2922573,,,,0.96123,0.135696,,24.4746,,,0.85095296,1.99336116,,0.574921,,0.036531,1.14587034,,,5.353509,,0.81696,,6.64628,7.61947,,0.445623
Bosnia and Herzegovina,20.21822047,0.12079525,2.072592,2.08754407,53.96638911,1.54669191,3.2914134,8.16885669,0,18.10924704,25.50936435,6.827064666,0.462128971,,,,,0.096786248,,0.031394295,25.96,3.664799273,,3.71561253,0.1735219,,0.12,0.43890664,0.00515225,0.00641532,,,0.0027720458,,,0.8944214,33.547551,,3.79228,,,,12.08866894,,0.201736,,,0.0113006,,2.9239377,,,81.3222737,,29.3604645,,,,,,,,227.9142753,,1.530612,0.30123315,0.29594,0.371126,,14.72339,,,0.41054256,1.09687142,,,3.38634,,0.51961492,,11.38636,1.16291,102.41141,,23.6705604,,4.8077,,
Botswana,,0,,0.59536187,0.10582424,0.0831947,0.00494509,0.0713803,0.0332779,0.300079851,,1.613690471,0.41185002,,0.0831947,,,,,4.34E-05,0.04,,,,,,,,,0.00129984,,,,0.112531,,0.62777162,50.43231,0.093087,,,0.0199837,,4.43137249,,0.013952,0.0287453,,1.145495829,,1.879868,,0.6089909,-0.9562632,,,,,,6.37974,,,,10.53531938,,,1.31673674,0.47726,0.414864,,,,,0.36205615,0.91742543,,,0.257195,0.89936,0.59967727,,,0.312875,,,,,1.65143,,1.088521923
Brazil,1.6125019,2.420044808,1.4070569,277.2303576,310.2138711,7.614091908,0.14868467,157.2006625,3.075441464,1.764231465,3.2112236,32.81308354,0.52671528,,0.2767642,1.6973592,,0.02716587,,4.371647014,0.15,,,0.0109789,0.00738769,,,0.580524,0.09369526,0.015086,0.00998336,,0.023304387,,,0.932315992,16.784743,1.63946,,,0.0872705,,92.69888698,,419.997553,0.000113326,,0.66931417,,26.908347,,0.2206093,886.123989,,,,1270.88318,4.03014,,,,,316.3141987,,,,2.35435,0.469861,,,,,0.42904102,2.50566591,,,,0.793323,1.50090437,,,6.95184,,0.06444,,,,,2.4678671
Burkina Faso,4.45237587,10.65470002,41.57242164,81.33214607,47.38966087,8.252644187,,0.5063132,0.0018325,12.70111277,38.77744602,0.13496,0.525026332,,0.24323028,21.50407081,,0.00633389,,0.798440509,0.91,,,,0,,,0.00042623,0.0204104,,,,,,,24.30694126,58.63094,0.341133,1.61376,,2.1165471,,23.55537755,,0.317203,,,0.118889325,,5.0859867,,,,,269.0886223,,,,2.79382,72.18741,,,189.140668,,,1.85846628,0.44341,0.328752,,36.853767,3.6618516,32.2216,5.53652731,15.88855002,,3.431879,0.00196712,0.647435,3.23973223,6.14487,,6.21549,,0.01645,,26.62364,45.74701,,11.38482973
Burundi,0.0196442,49.13528259,,7.4915057,17.41821303,1.36501671,27.0297329,5.46851062,,0.2749082,7.20626405,0.31334341,0.76416248,,1.5529666,0.84778719,,0.0048985,,0.3731972,0.04,0.0732114,,,0.00492512,,,0.0004262,0.00799314,0.0118526,,,,,,4.20538021,42.007915,0.007259,,,0.1430373,,2.554157899,,0.888493,,,0.602058886,,3.562636,,,,,49.14233723,,,,0.07532,39.26137,,,48.63037028,,2.42573,1.79897722,0.14737,0.0585801,,6.88419,0.222961,6.99557,7.28900867,11.8573077,,3.027491,10.0952,0.554946,2.24026548,,,10.368488,,,,12.05097,10.61961,,1.490826
Cabo Verde,0.54280309,0.00187022,,8.3833737,0.28618014,0.23518924,,,51.96654227,0.0366578,1.3948777,0.1784731,,,,15.18004625,,0.0048985,,0.691365723,,0.00749861,,0.01699112,,,,,0.002138846,,,,,,,,11.761283,0.002074,0.764041,,,,18.18581536,,,,0.5,0.114997379,,1.8183597,,,5.618285,,17.1869518,,,,22.34603,3.48221,,,24.74166036,,,1.10538474,0.23825,,,5.457197,7.75838054,,0.63103057,1.02787922,,,,,1.02,,,1.21957,,,,,2.12113,,0
Cambodia,0.04814557,4.06736588,0.260208,84.75768736,36.58309266,0.40998098,,14.07459233,,24.9096282,14.74712475,4.24728454,2.659409708,,0.58351063,0.5039485,,0.0126678,0.00954631,0.042843575,0.16,,,1.30293811,0.0332446,,,0.0697539,0.99192255,,,,,,,4.050527679,86.624982,,,,0.0044715,,106.0776105,,89.695522,3.63028,,49.78553813,,4.9669807,,5.7538441,,,3.888845314,,,,,,0,117.00556,45.22539393,,,1.84406956,0.79241,0.491814,,38.162305,,,4.40333497,6.53821062,,3.930205,,0.657652,3.22773874,,,15.78352,,0.73502,,14.2699,31.54358,0.47298,5.3716454
Cameroon,0.33416811,3.67456926,,164.2039177,73.16689991,2.54471518,,0.69030365,,1.674302994,4.0606206,9.50824448,0.60918589,,0.5491478,0.3301688,,0.0950083,,0.757091583,0.3,,,,,,,0.0400655,0.0119357,0.0366241,,,,0.1514,,3.90217874,81.366129,0.0985851,,,0.2141392,,33.37778845,,16.696836,0.00995221,,1.15187458,,3.49538,,0.21109,0,,95.038162,,,,11.9967,28.90927,,,62.29512497,,,1.82040151,0.86224,0.217671,,3.608424,4.4422348,,1.97034313,10.25700141,,4.76117,3.30379,0.958592,3.06488638,9.9136,,6.8546364,,,,30.28758,62.46541,,2.715050041
Central African Republic,0.11730289,7.254075,1.4869,37.99253759,37.67129993,5.27399302,11.8616614,10.1024464,0.0652568,9.448383,10.3546948,27.937107,2.59624952,,5.4115407,3.1939616,,0.00634801,,1.819083498,0.43,,,0.0975899,,,,,,0.00224514,,,,,,17.5888452,68.12798,0.002074,0.663982,,0.0355794,,18.1684516,,0.53397,,,1.546003982,,2.0473333,,,,,26.95483086,,,,,13.45302,,,122.4609713,,3.8646326,3.53119327,0.1463,0.132501,,,,19.4827,4.35567637,11.41883726,,2.454223,,0.904138,1.78120046,,,2.242888,,,,2.48561,7.46161,,0.177254
"Central Asia, regional",3.28328293,,,0.02769825,31.18834776,,0.186206,2.67880876,,2.733116732,7.16951799,,0.1762673,,,0.0166389,,,,0.000893739,10.42,,,,,,,0.00111454,,,0.00110926,0.034965,0.0277316,,,0.060025,41.151773,,,,,0.89340097,0.9499332365,,0.161275,,,,,1.033333,,,,,1.39577,,,,,,,,46.01255956,,,,0.43603,,,0.05,,,,,,,,,,,,,,,,,,,
Chad,0.0835275,0.332779,,81.41424129,15.14227175,0.79211144,,0.74402,,7.0714863,26.82093483,,2.107595,,1.198285,0.1140164,,0.00633389,,0.3208402,0.48,,,,,,,,,0.000945295,,,,,,5.36674763,79.080159,0.003111,,,2.020333,,11.53000848,,0.040768,,,0.02910058,,3.6613737,,,,,604.1554476,,,,,32.9173,,,172.5599922,,0.0584075,1.84426088,0.16168,0.0795452,,0.634923,0.6946868,68.6967,3.47393078,19.499398,,2.414538,,0.636437,2.7420825,19.76266,,8.5034608,,,,6.26398,10.34528,,1.783703
Chile,0.2652006,0.27378231,2.546811,11.22080165,33.5715682,0.438485295,,,0.0956196,0.0960934,0.4314659,7.192159174,0.21358931,,,0.09301713,,0.018113166,,0.873366054,0.04,,,0.00853915,,,,0.01154073,0.00465492,0.0166181,,,,,,0.6182272,1.539451,0.214876,,,0.0140206,,3.556973804,,62.105227,0.0436826,,1.07635484,,6.684226,,0.29518747,20.0688,,,,82.55907,0.73631,,,,,6.52312653,,,,0.89751,0.311082,,,,,0.74827371,0.65767768,,,,0.010467,0.26701814,,,,,1.03994,,,,,0.747238
China (People's Republic of),6.836527131,1.40761123,14.20925739,161.5111708,749.4032735,0.688369122,2.06962514,11.64715575,4.021585717,2.828636376,13.62389209,68.21509206,2.319633324,,,0.4146236,,0.04203774,,2.526453489,0.44,0.00991459,,0.075713798,0.0910593,,,1.54322427,0.224458694,0.126888,,0.01511,0.028171979,,0.356084,4.440033594,33.443717,1.90158,9.689,,0.0537545,,151.4473899,,3346.823331,0.137725,,15.74080699,,54.6294223,37.4843,0.6227697,1513.089466,,0,,,,,,1432.163,17.36273,104.4009722,,,4.61225852,2.00531,0.871115,,3.70186,,,2.18277011,7.96755596,,,,1.319169,3.69619198,,,49.051705,,,,,,0.462889,15.1274106
Colombia,0.923485905,2.23509227,0.370976,465.1501942,242.7480361,2.865401892,3.32515985,16.36097442,0.07597114,27.36842786,29.71657955,61.68920722,1.23004904,,0.7864554,0.91247661,,0.019548566,,14.9013736,0.34,,,0.07274556,,,,0.0790601,0.04211735,0.0153941,,,,,,38.46786896,386.603417,0.267647,,,0.1120255,,7.685188057,,18.117072,0.0182601,,0.3286124598,,14.344588,,0.9559473,1004.965284,,,,1078.91161,2.30536,,,,,58.70182408,,0.10646,,0.79054,0.294997,,,,,2.04965281,1.0144719,,0.868922,,0.17435,1.06061537,,,,,1.5829,,,7.65111,0.363047,5.06908645
Comoros,,0.1260043372,,20.79099882,,0.0166389,,,,,,0.00748663,0.00498724,,0.110926,,,,,,0.98,,,,,,,,,,,,,,,,1.060343,,,,0.8527477,,4.364016364,,0.17103,0.0115344,,0.100706284,,2.7140467,,0.952257,,,8.31076819,,,,,10.20366,,,10.96829922,0.795013,0.8119865,1.06793791,0.09884,,,0.38576,,,1.21791332,1.35569267,,,,,0.92338308,0,,0.3133308,,,,0.71667,0.54767,,0.0132
Congo,0.0180319,0.07748645,,54.75356824,0.4878448,0.8838234,,0.240207,0.02458565,,0.302106,,0.0221852,,1.920463,,,0.23113677,,0.12256862,0.14,,,,,,,0.00085246,0.00238714,0.015849,,,,1.21199,,0.32378973,2.541812,0.007259,,,0.383967,,0.936553747,,0.111731,0.0185796,,0.10483885,,1.395282,,,0.1125,,12.10156436,,,,0.03964,4.17072,,,21.9411101,,,1.44771417,0.12516,,,3.917955,2.567842,,1.2997286,2.32300449,,1.217855,3.93304,0.648152,1.70838072,,,2.074978,,,,2.21044,3.63996,,0.23996216
Cook Islands,,,,0.00157515,,,,,,,,,,,,,,,,,,,,,,,,,,,,,,,,,,,,,,,1.234725844,,0.214131,0.00624097,,3.150181895,,1.2368653,,17.31392566,,,,,,,,,0.32093,0.02683,3.0172427,,,0.33562872,,,,,,,,,,,,,,,,,,,,,,,
Costa Rica,0.1282285,0.10896824,,17.31560966,20.32245633,0.01623976,,0.1299397,0.00506711,0.067016206,0.05583604,1.680561692,0.00457903,,,,,,,0.945977219,,,,0.00813251,,,,0.00127869,0.00238714,,,,,,,0.609011207,9.179303,0.118375,,,0.0135489,,65.2238188,,0.59135,0.049106,,0.5994516265,,4.199899,,,14.44697,,,,278.34708,0.98892,,,,,19.1315656,,,,0.73923,0.341276,,,,,0.39205631,1.090073,,,1.02058,0.003971,0.50817623,,,,,,,,0.93309,,0.0684
CÃ´te d'Ivoire,0.03516996,7.63375476,,325.9743621,15.84716224,1.28941701,,1.077651,0.03956064,0.8091413516,2.5026052,1.0665754,0.4675493,,0.00672213,0.06361098,,0.00633389,,0.44947013,0.18,,,,,,,0.00162143,,0.0174423,0.00554631,,,,,3.59436848,69.476606,0.021865,0.111703,,0.45095,,22.0333792,,3.538382,0.0199044,,0.18519802,,3.1906747,,,,,248.3144412,,,,89.96964,24.82061,,,68.60591033,,3.6276872,1.54301025,0.66665,0.256894,,11.869215,8.9069585,136.498,2.22641375,10.05709548,,0.151641,6.51525,1.055442,3.74908857,19.06888,,7.1693381,,,,16.3797,34.17606,,1.63319122
Cuba,0.1085367,3.03992399,,2.6707272,2.13729567,0.717750947,0.1651713,3.580739493,0.04918133,,11.41809942,2.031295287,0.0108153,,,0.17937491,,0.0126678,,125.8477338,0.25,,,0.18253768,0.0209207,,,0.00042623,0.02101774,0.0185871,,,,351.968,,1.76301253,7.917273,,4.34242,,0.0475661,,4.960956828,,0.477558,0.0203716,,,,2.3908643,,,,,,,,,,,,,14.81129366,,,,0.01046,0.569218,,6.76373,,,0.42269525,0.83531149,,,,,0.71024629,,,0.034728,,,,1.763,7.03334,,0.003
Democratic People's Republic of Korea,0.0295682,0.000999445,,1.32469033,3.40991368,0.45105902,,1.860047,,4.003559685,9.8968872,1.16582013,0.675192,,0.721021,,,0,,,0.09,,,0.00813252,,,,,0.04132101,0.0440546,,,,59.7727,,2.135558,2.003874,,3.947947,,,,,,,,,4.50822,,,,,,,,,,,,,,,8.5367279,,,1.8445753,,,,,,,1.66194661,3.48143128,,0.637252,,,1.26465437,,,,,,,9.6578,10.63005,,0.0132
Democratic Republic of the Congo,0.3770964,94.42226686,0.000289946,63.81481743,87.02512557,8.385625853,7.0889061,24.4274149,0.0402973,53.55687246,21.51198295,218.5675526,3.75725949,,5.46253075,3.18573547,,0.5962501,,4.32483595,0.17,,,0.00310776,,,,0.00490343,0.0143228,,,,,,,34.87608751,769.694117,0.003111,,,0.0069943,,43.82723576,,9.705431,,,0.52245088,,4.4098933,,,,,364.6424599,,,,157.1788,105.62265,,,206.0204465,,5.772671,4.65300399,0.31009,0.22843,,0.654298,3.5382425,,14.76639184,59.73741651,,5.731117,12.6242,1.635132,9.27355457,,,10.021193,,0.64929,,154.41563,190.6135,,12.37831431
"Developing countries, unspecified",530.2326333,567.1014727,1108.148704,873.6475653,6766.573818,1188.309454,3077.279063,1715.046734,15.99534212,3259.673425,1144.934944,4024.316739,200.3043418,13.249625,90.35748217,45.78155873,,59.80969786,7.62563058,245.4765082,,11.64180183,16.2,19.49779362,7.67688948,19.0511,,18.62707193,16.71157226,1.1466607,4.4803105,0.585644,4.57507585,17.51404,0.01231281,327.1287967,8404.592244,75.6491,0.484597,459.68325,31.8362774,15.05803946,1693.884705,217.65,313.4407446,,,634.9678177,125.17554,136.4221113,,42.18136455,,,,,,,,,,,1148.031081,,0.266969,224.804877,142.34976,4.12856,,3.03199,,,40.92707367,538.8614734,,23.815246,274.2328,161.233434,30.91754796,,37.70347,,,,,185.00959,0.99951,2.7442668,1540.676745
Djibouti,,,,57.46255978,1.42787791,4.26255456,,0.25420717,,0.7996371,0.138958,0.0285428,0.00785358,,0.110795,,,0.00326567,,0,3.94,,,0.0195181,,,,,,,,,,,,0.7818039,5.657453,0.003111,15.24806131,,12.9197446,,17.83846552,,0.080805,,,0.034923776,,3.75516,,,,,8.84030863,,,,,5.35495,,,11.49745946,26.5990702,,1.25403288,0.12101,,,0.0629167,,,0.76721488,1.25069051,,0.786576,,0.425773,1.03323629,16.00206,,1.129044,,,,1.54712,2.19986,,0.16416
Dominican Republic,0.040195,0.34619826,0.0222901,236.7234201,1.93680945,0.043555485,,0.1725023,,0.021923541,0.0192123,2.23205611,0.36360951,,0.0784792,0.00169739,,,,11.77694398,,,,,,,,,0.00238714,0.00185064,,,,,,0.72379673,35.485003,0.097991,,,,,9.493805483,,25.166128,,,0.1014126,,0.827758,,,86.8624983,,,,602.96509,1.37821,,,,,44.37376813,,,,0.37619,0.0831947,,13.04965,,,0.61982868,0.94280138,,,1.27123,0.403608,0.87959994,,,3.40701,,,,,7.05914,,
Dominica,,,,2.4784432,0.0259623,,,,,0.102025,,0.752222555,,,,,,,,0.121294486,,,,,,,,,,0.000354548,,,,,,0.23970902,0.016498,0.006222,,,0.0073786,,0.461616258,,0.18025,0.0107395,,0.0606582527,,1.290259,,0.01284984,0,,1,3.953392,,,,,,,2.31631633,,,,0.0732,,,,,8.60455,0.0035497,,,,,,,,,,,,,,,,
Ecuador,2.450893178,20.878131,,87.84712512,31.79153783,3.166193427,,1.8721866,,0.202375211,2.2603118,0.48057822,0.16318795,,,0.1724992,,,,7.503237962,0.05,,,0.00822796,0.02215199,,,0.319665,0.00238714,0.0139552,,,,,,0.66846629,17.133233,0.0788064,,,0.053303,,15.01826804,,12.285834,,,0.271320239,,6.1669183,,0.1038862,114.876,,,,1399.60494,0.93687,,,,,157.0572671,,,,0.63864,0.378214,,,,,0.554158,1.11806431,,0.208391,8.37071,0.017376,0.70950379,,,7.538742,,,,,5.26715,,0.62416614
Egypt,3.54060678,0.50559838,1.8046165,131.366617,229.319892,30.93080401,0.778100914,4.41227425,0.11140429,6.623774689,19.77831199,18.65929398,1.95161031,,0.0864891,0.142491,,0.486642106,0.0129063,0.86840253,0.08,0.0528785,,0.07491577,,,,0.03525111,0.05505989,0.1921448,,0.012836,,0.775784,,14.2805765,106.550387,,69.2988769,,6296.74475,,110.1722587,,267.484372,0.0250867,,1.526241332,,5.085804,,0.028894,968.367991,,0,,,,182.08279,,,,192.5281911,74.9007244,,3.37884371,1.23568,0.577094,,68.193133,,,1.71143248,3.92529706,,0.997209,6.64177,0.145508,2.04315655,97.19049,,16.10188,482.278967,0.33648,,,0.2695,,0.01386
El Salvador,0.42893849,1.92510464,,2.95902288,10.157537,3.268088926,,1.1849782,,1.098854124,2.1216049,0.7269422,0.109509,,0.0927288,3.6064325,,0.0130627,,13.99915577,,,,,,,,,0.0093669,,,,,,,1.593858772,55.418545,0.070912,,,,,12.88335688,,3.623794,0.165763,,0.3343676327,,0.588274,,,24.815642,,,,126.33599,1.38233,,,,,16.39084716,,,,0.60547,0.0518358,,19.72425,,,0.34194704,1.08279439,,0.21939,,0.140344,0.98924254,,,4.67257,,,,,8.55168,,1.031066
Equatorial Guinea,0.0196442,,,3.37180737,0.0052563,0.1328781,,,0.0709628,,,,,,,,,0,,2.1941954,,,,,,,,,0.00238714,,,,,,,0.099867,0.189774,,,,,,0.02147894,,0.028664,,,0.0265459634,,0.9172607,,,,,0,,,,6.72619,,,,0,,,1.10862147,0.15355,,,,,,0.5107672,1.07007754,,,,0.080204,0.97181598,,,,,,,,,,0.0237
Eritrea,,,,0.1535309,0.60295141,0.670085408,,1.3697938,,0.0257435,0.762504,0.4643192,2.654696,,0.76548962,,,,,0.12023274,,,,,,,,0.00170492,,,,,,,,1.18179567,0.08023,0.001037,,,36.13,,2.73820822,,,0.0780121,,0.0321361,,1.3056,,,,,,,,,,1.87301,,,13.63434336,,,1.66405832,0.30267,0.104969,,,0.144943,,5.94661245,2.9738805,,,,0.093927,1.43400033,,,4.36879,,,,2.71958,11.09569,,0.085044
Ethiopia,8.100381081,1.78195992,6.084233816,21.77149194,49.12200863,34.93053322,80.47984818,48.67165565,0.0385579,35.13761191,19.78297287,518.167348,24.7482981,0.423222,38.77578994,0.59392209,,0.066711,0.0365291,6.953589631,0.71,,,3.23086979,0.01600664,,,0.05700458,27.28696268,0.00816384,0.09872442,,0.0110926,0.180851,,103.2427641,747.895477,0.129924,9.33999,,2.2494664,,54.19765228,,46.015721,0.026859,,3.877991463,,6.9342167,,0.2414476,,,710.0701344,,,,0.39291,151.94267,,,166.8323425,,,3.70213081,0.44091,0.667698,,9.611332,5.7460377,,11.31989381,41.55097365,,23.967258,,0.882627,7.1319581,,,28.38006,,0.2039,,134.59432,153.17294,,87.28265412
"Europe, regional",12.94229452,0.3875523,4.138021783,54.67711393,201.1674016,5.2808002,117.803692,8.9524127,0.0166467,29.28493673,27.13737863,1.845571,5.44363748,0.132292,0.468089899,0.590454,,0.537604775,,1.56955301,57.65,0.150381,,3.3847397,0.98929609,,0.14,0.13332836,0.04263594,0.41479117,0.6467,0.022705,1.72053226,,,32.20746826,81.87085,,,,,0.00889735,3.237184732,,,,,0.4958529,,3.35525,,,,,,,,,,,,,372.1017947,,,43.01735691,4.05907,4.53385,13.7015,,,,,,,,2.334055,2.995378,,,0.0888297,,,,,,3.9677,,2.2065187
"Far East Asia, regional",,,0.223035,19.34654845,16.75112649,,,1.50566469,,0.237268,19.8101591,,0.316994,,,,,,,0.00278581,0.1,,,,,,,,,,,,,,,4.304529482,124.363857,,,,,,9.83470794,,,,,13.02250985,,8.842932,,8.7540126,,,0.7845372,,,,,,,,17.59011237,,,24.84473696,2.67845,,,,,,2.42470448,1.69682128,,,,,,,,,,,,,40.64826,,12.4666933
Fiji,0.0487673,,,0.87296267,1.82476719,,,,,0.344038,,1.92863449,,,,,,,,,,,,,,,,,0.00865565,0.00567177,,,,,,,1.841642,0.002074,,,3.2524898,,9.084100881,,1.37173,0.0875374,,43.5404277,,2.1236363,,7.753810906,0,,,,,,,,0.99323,0.8674,19.13028146,,,1.3072774,0.28056,,,,,,0.60605735,0.00093762,,,,0.62232,,,,,,,,,7.24442,0.135569,
Former Yugoslav Republic of Macedonia,1.86467772,,,2.3764229,7.67622344,0.165297096,,2.39055567,0.02127677,0.2872441496,16.82100945,3.275277601,0.110230518,,0.0163042,7.10E-05,,0.246987253,0.00066001,0.026124074,25.55,2.53134961,,0.36047061,0.1218303,,0.11,0.10640655,0.05762087,0.20925106,0.0377149,,0.00570937,,,0.4330669,19.821568,,,,,,1.61279384,,,,,0.00620633,,1.052816,,,37.516011,,0,,,,,,,,179.7115038,,,0.45493269,0.17545,0.0978148,,,,,0.58406985,0.98266051,,,0.385376,,0.41495453,,6.310944,,60.688995,,18.188568,,4.12991,,
Gabon,0.3726844,0,,86.16270434,1.68041822,0.07364505,,0.0651868,,,0.00945235,,,,,,,,,0.018820768,0.07,,,0.0376128,,,,,,0.00259994,,,,,,0.1071111,8.635183,,0.283128,,,,2.712527127,,0.322835,,,0.0190171634,,2.315947,,,21.263346,,,,,,0.17841,,,,8.056912381,,,2.17685091,0.15884,0.182651,,,,,0.34908246,0.7853563,,,0.374499,0.50358,0.81876736,36.6257,,0.66154,,,,,,,0.427685
Gambia,0.12079409,0.17615416,,0.962963,0.2563729,0.00365225,,0.1413638,0.012822,0.7009134,0.0207835,14.57974715,0.45393549,0.030327,0.1752798,0.0715683,,0.0048985,,0.207042874,12.67,,,0.0396722,,,,0.03049602,0.00238714,,,,,,,0.0435734,2.328237,0.002074,8.4156749,,0.2069185,,2.637130796,,0.080888,0.0780121,,0.39522082,,4.426315,,0.000283371,,,10.55503,,,,,1.87679,,,9.32677642,,,0.87244881,0.36743,,,16.78859,2.738276,10.8781,3.0343049,1.57243321,,0.025405,0.967666,0.138865,0.85297804,28.0781,,2.550202,,,,3.08689,7.51815,,2.039309515
Georgia,3.9825033,0.0648619,1.6343307,5.793402405,49.59942171,0.1673203,0.43542115,5.66001524,0.02415748,13.33760001,14.61053072,4.36246605,1.790443,,0.0957604,,,0.33164164,,0.2151324,3.69,0.00063228,,2.80210142,0.41222367,,0.09,0.15952798,1.985864594,0.10982097,1.09595097,0.192389,0.181382624,,,0.3529768,101.494311,0.55998,,,,,41.87090868,,0.1957,0.0107565,,,,2.5385497,,,158.345666,,26.96852123,,,,,,150.5825,115.82648,149.2932254,,,0.30376194,0.06889,0.272934,,20,,,0.54934651,1.27206323,,,,,0.59651632,,,1.678,130.06841,,17.5,0.6016,9.84864,,
Ghana,1.45826504,5.455562604,39.18030926,73.71316053,58.31340122,2.46492036,32.4798167,4.09972511,0.013622859,0.851880004,18.510987,96.8339586,1.467709365,,0.43092368,0.1456817,,,,1.132400215,0.28,,,0.01513554,,,,0.0228581,0.0244231,0.0221133,0.0199667,,,,2.113,74.71815448,189.102563,0.743329,,,2.7883747,,25.21517437,,41.836683,0.00738447,,2.97705488,,2.4406663,,0.3161779,,,535.5916587,,,,1.56507,153.42263,,,186.5055921,,,2.18057315,0.52924,0.624071,,7.858967,4.9048465,232.323,4.63345405,8.09161863,,0.100965,4.48095,0.835939,3.35711819,,,13.51208,,1.01753,,22.9103,81.58696,,23.43183953
Grenada,,,,0.02644486,2.0314075,0.0560455,,,,,,0.072805478,,,,,,,,,,,,,,,,,,0.00261367,,,,,,0.18405702,0.004928,,2.75984,,,,1.197887198,,0.081594,,,0.124622439,,0.606333,,0.0833952,5,,15.301158,16.538123,,,,,,,0.25333286,,,,0.07239,,,7.95754,,5.59646,0.03341,,,,,,,,,0.486542,,,,,,,
Guatemala,4.669764643,3.4282629,,2.51673875,18.32438571,1.426289846,1.11E-08,9.40582233,,28.08681332,2.97816621,1.631313385,0.40856799,,0.9707705,0.4150958,,,0.00857349,13.28526241,,,,0.0207049,,,,0.00085246,0.00807689,0.00103268,,,,,,9.96297662,124.721062,0.0646739,,,,,7.717327258,,3.199809,,,0.4014347137,,3.0253363,,0.215763,353.8629606,,,,218.81839,163.95334,,,,,24.22566603,,2.4499039,,0.38288,0.209351,,1.73123,,,0.46110615,1.30751571,,1.044258,,1.123978,1.5308695,,,2.466739,,,,,15.33481,,1.7975681
Guinea-Bissau,,0.356485,,0.53896867,0.00810558,0.52461484,,0.165287,13.85791747,0.109262,0.41551165,0.02680828,,0.119421,0.273402022,,,0,,1.565352179,0.23,,,,,,,,,,,,,,,,3.399908,,,,0.0119242,,3.48897275,,0.139806,,,0.00585318,,1.0976063,,,,,9.3029771,,,,,9.05646,,,29.02157391,,1.5927977,1.04531282,0.2049,,,,,3.97348,2.82447014,2.61114374,,0.788012,1.03088,0.015981,0.74569253,0,,0.554142,,,,1.61875,8.44666,,0.185601
Guinea,0.04470483,6.83654305,,50.06810245,12.76192696,0.12176432,,0.141879,0.0531192,1.00710981,2.724673773,0.48335361,0.0305491,,0.3809624,0.7166204,,,,1.21523747,0.54,,,,,,,,0.00238714,0.0110689,,,,6.255,,15.4951852,76.737018,,6.19887,,0.0435611,,26.24849649,,0.088393,0.0305819,,0.063257972,,1.507814,,,,,75.9875781,,,,,34.75218,,,87.01000032,,10.0327865,1.96099742,0.02213,,,3.83948,3.9031156,93.118,5.94763687,16.411739,,2.542243,2.38249,0.602681,2.60248398,9.79228,,5.198321,,,,11.01677,24.68086,,2.3239037
Guyana,,,,0.12232054,0.1031878,0,,5.6023181,,,,3.40494565,0.078523016,,,,,,,,,,,0.0269587,,,,0.00042623,,,,,,,,0.633012697,6.640185,0.005185,,,,,1.114705194,,0.121731,,,0.2628445413,,1.3802127,,0.09714266,,,7.1880427,8.05675,1.22719,20.29444,,,,,1.17558449,,,,0.06946,,,,,,0.42284649,1.62044214,,,,0.539643,,,,0.707742,,,,0.38875,2.45958,,0
Haiti,0.0332779,5.22863892,0,28.87880221,15.98620054,0.944232366,0.925661,8.32174754,,2.461588821,19.98657684,5.8828891,0.7809796,,2.29673147,0.90252014,,,,4.666428022,,0.0369872,,0.0136001,0.263317,,,0.0238545,0.0096733,,,,,,,74.28022611,400.441251,0.001037,0.374132,,0.0099918,,23.46575847,,2.34242,,,0.156608609,,2.805077,,,,,44.7001808,9.58321,6.45672,193.30935,,,,,133.8668724,,,,0.6189,0.108364,,6.431103,,9.82178,4.20070497,6.14788917,,6.28064,0.039234,0.90512,3.06702991,,,1.82609,,,,7.61226,19.54502,,4.260511
Honduras,0.7827228,4.83639825,0.1965563,8.51714209,17.98874995,1.377895601,,8.6401906,,1.754834584,21.99828682,0.28144918,1.9328677,,1.1904282,0.1628514,,,,8.37850467,,,,,,,,0.00042623,,,,,,,0.554631,20.97430706,113.557596,0.130816,0.60435,,0.0099918,,14.40028939,,6.14209,,,0.3669245967,,3.00635,,,,,84.5213119,,91.16742,217.28046,,,,,46.7910781,,,,0.47778,0.0877537,,32.68354,,,1.15948891,1.25342843,,0.060978,,0.558425,1.28447382,,,1.41294,,0.06744,,4.70137,4.40859,,1.884406
India,3.737600065,26.65246191,3.1651245,87.99305417,1194.159665,12.18604519,2.1338927,17.93149596,0.2714875,5.855541234,12.68549576,283.572358,3.440725317,,1.85245675,1.99565863,,0.0173755,0.00129562,2.450176167,0.27,,,0.01851777,0.01846922,,,1.5142291,0.146453894,0.112985,0.00443705,,0.02154008,,,9.914575632,131.051353,0.767905,,,2.044299,,1538.25972,,592.477848,0.0316555,,5.055990661,,31.607334,0.01593,0.6656475,1392.620184,,1186.246621,,,,,,1855.86742,6.45415,304.8700314,,,7.01575637,0.88107,,,3.56113,,,10.43380667,54.4555416,,0.093816,1.23906,1.325722,10.05262309,,,29.6386,,0.58482,,133.34205,262.58987,1.32133,225.4870635
Indonesia,2.38789318,2.46126234,4.930096188,214.4301378,379.5734131,0.44687582,28.11916582,32.15499863,0.03232497,1.77140938,17.58385591,30.42610307,3.235472833,,,0.105211,,,,0.061697384,0.17,,,,0.00246256,,,0.00426229,0.05550303,0.00557464,,,,,,23.46610262,197.246652,0.007977,,,0.2495543,,478.6029395,,2858.973134,0.35463,,382.777517,,14.676887,0.2,9.072745997,2432.222693,,-0.45187665,,,,,,1502.42999,10.18604,51.25125049,,,4.84879318,0.7977,0.520033,,,,,2.06525552,5.65439421,,0.528611,,0.92799,4.21359079,126.37796,,15.032651,,0.21892,,23.264,50.06535,,10.3335397
Iran,9.11762751,0.166389,,10.17179316,58.57320049,0.376663438,0.6856698,2.4625362,0.00732779,1.8837574,0.31622412,1.5283332,,,0.0828319,,,0.4923395,,0.358069326,0.17,,,0.06144725,,,,0.422393,0.01671,0.171968,,,,1.3,,0.18864884,0.6748,,,,0.0263375,,13.13265693,,0.227424,0.000816912,,0.3374413,,2.315662,,,0,,,,,,,,,,1.7324898,,,1.82295638,0.09795,0.291159,,,,,0.71244706,1.58885433,,0.238103,,0.367868,1.61760416,146.786,,,,,,,8.22432,,0
Iraq,3.2161804,7.40952975,9.2174304,16.66709467,138.572731,51.05057571,40.31092029,30.0710004,0.00549529,24.57168018,15.54310984,84.80206399,2.677851,,1.752594,0.758829,,0.05540097,,3.134248849,5.69,0.0332779,,1.52627744,0.0615197,,0.03,0.71219711,0.0917965,0.5847824,,,0.00487521,,,74.96203849,352.537901,,3.088485,,99.9426787,,334.7730551,,158.380018,,,13.75011378,,0.9222437,,,1207.846015,,27.988984,,,,,,,,112.1895003,,,1.8027417,0.2669,0.502851,,,,,2.0208506,8.85556207,,9.22429,,,1.70417689,,,,,,,,5.72814,,1.066123
Jamaica,0.0180319,1.3029694,,0.22645778,0.10670248,0,,,,0.023999624,,11.77908546,,,,,,,,0.039230237,,,,0.0197863,,,,,0.0077,,,,,,,9.579164458,87.94955,0.001037,,,0.0150547,,3.578394762,,0.402599,0.0063989,,0.3201068324,,2.1472573,,0.230628,112.3369023,,,21.89544,208.81152,0.64255,,,,,29.63941909,,,,0.38165,0.0926234,,1.42672,,,0.58055555,1.17290403,,,,0.660839,,,,,,0.0507,,,3.24662,,0.999996
Jordan,0.7771261,5.932897107,2.819743,164.7114917,86.1257954,13.25124452,33.73454851,14.74352909,,5.360772748,14.73141442,87.77468351,12.669186,0.031288,1.904006,0.56039683,0.055,0.1652984,,4.601393908,0.79,0.0166389,,2.98684261,0.00369384,,,3.17026,0.064521866,0.843131,0.2684413,,,4.99464,,97.40926204,817.30483,39.3565,86.471134,,215.7222793,,254.1529799,,38.665025,0.0394199,,1.3854763,,1.7820106,0.16,0.0952702,265.4779056,,,,,,,,,,212.1048316,14.749102,,1.00253646,1.12172,0.318491,,26.42452,,,0.68749692,2.90655592,180.7033,7.062306,,,0.92908453,20.56886,,1.37388,140.330583,,,,0.03295,,0.1632
Kazakhstan,1.76049684,0.01615307,,5.330361499,13.72202894,0.0584223,0.43675102,0.0930025,0.00567609,0.023762341,0.1189172,8.45036381,0.05380861,,,,,0.0537615,,0.05485241,24.44,0.00317512,,0.04390551,0.00738769,,,0.398564,1.081558658,0.0242316,0.00332779,0.027496,0.024193743,0.573782,,0.1027849,18.695537,0.375819,,,0.8198362,,1.69614046,,1.175056,0.0041119,,,,9.035462,,,37.78545532,,,,,,,,1325.8772,0.90539,14.23593794,,,0.57260357,0.0788,0.322618,,25,,,0.37490646,1.40908559,,,0.221209,0.719533,0.59814384,0,2.16926,,522.471079,15.2856,,,5.55081,,
Kenya,2.844691663,13.08343143,58.24244848,138.2770515,70.67344579,20.9129263,19.19306466,184.8674017,,72.10535068,11.86081152,238.4806548,31.15079552,,7.947353853,0.57367888,,0.0336972,0.0557759,0.3690054755,0.19,0.0665557,,0.09588921,1.46556841,,,0.03457219,0.65039968,0.03157975,0.0321686,,,,0.0415973,34.92378918,716.013328,0.443854,0.556203,,2.1324481,,223.5492181,,5.923471,0.0836477,,7.707112132,,4.180718,,1.2456012,,,472.3254955,,,,116.46816,260.01158,,,163.0958014,,,6.32077075,0.29771,0.384248,,16.691341,1.4040549,,4.83221689,12.86469477,,11.71122,,1.315504,6.46423373,,,8.685787,,4.32304,,69.2829,114.61575,,52.95672691
Kiribati,,,,,,,,,,,,0.0182252,,,,,,,,,,,,,,,,,0.00175,,,,,,,,0.05,,,,3.45,,1.852803814,,0.344978,0.0111834,,22.78764129,,1.101571,,13.60931929,,,13.85645954,,,,,,,3.23972,3.644905402,,,0.58991291,0.17021,,,,,,0.0304076,0.1642564802,,,,,,,,0.319543,,,,0.06656,,,
Kosovo,7.657512945,0.003401,3.8998334,1.95984075,55.19262806,0.505875503,0.230372,12.32483575,0.18671105,13.62135364,27.47344965,7.41835182,0.954468453,,0.0611939,4.38360597,,0,,0.04191951,9.86,1.065951041,,1.65755254,0.37284548,,,0.02691789,0.8454483,,0.06766496,,0.0291034,,,0.04534928,46.190896,,,,2.93399,,3.96420714,,,,,0.00495905,,0.333333,,,,,8.08049849,,,,,,,,205.1929112,,,0.30662708,,,,,,,0.16684344,0.92396275,,,3.17966,,0.24975067,,19.01763,,9.0657885,,,,1.25764,,
Kyrgyzstan,0.476582013,0.020223,0.21118,0.69176374,37.11810904,0.109928,,1.3174654,,0.046812882,26.9711123,4.132247956,2.565869877,,,0.00782318,,0.0302341,,0.003574958,98.36,0.00042152,,0.20632977,0.02338326,,,0.01528335,0.383192394,0.019290631,0.5468668,0.019208,0.000675541,322.811,,0.9180016,49.666388,0.009375,2.0407,,3.0464018,0.3227,42.50961649,,7.974757,0.0027169,,0.107371,,3.197244,,,,,42.23503054,,,,,,0,72.75714,33.50870008,,7.7588365,0.63016688,0.1592,0.0581808,,0.782558,,26.6223,2.11154279,1.41840284,,0.004148,2.16549,0.084042,0.74046827,7.46687,6.973138,3.79721,25.7511783,,,2.9929,13.21888,,0.01386
Lao People's Democratic Republic,1.06816309,1.20440173,0,11.98925205,27.81687328,0.03430107,,4.86558859,,0.3033041,19.96280119,3.57267769,5.94722173,,0.554631,16.17319412,,,,0.031072279,,,,0.00244476,,,,0.51382631,0.04805703,,,,,,,1.87186898,25.330821,0.002074,2.11422,,,,107.1669781,,88.233144,41.14882,,36.59253998,,4.525106,,3.8328186,,,28.8135342,,,,,,0,67.90938,10.77550584,,,2.26881097,0.51259,0.0899945,,0.734927,,,2.47666696,2.65066161,,0.118527,,0.078315,2.2857301,,,5.35819,,,,1.36158,8.23296,,1.342142
Lebanon,1.87647918,9.712899147,0.7781126,54.17089712,41.8244828,23.57557929,37.84938,35.4777293,0.001091514,7.762542697,18.93893061,152.0756529,1.4855593,1.136061,1.5783261,0.679423,,0.04388909,,12.43259973,0.8,0.1059079,,0.46585358,0.00369384,,,0.09693348,0.07409908,0.306848,0.1719357,,0.00998524,,,67.19232269,304.252647,,27.3899927,,16.2558354,,13.44517539,,1.499958,,,6.422308,,3.01766,,,46.595458,,,,,,,,,,236.4929732,37.2098104,,0.68038372,1.14481,0.259656,,3.806048,,,0.38948682,2.12316831,101.8715,9.48976,,,0.88726067,11.5926,,0.341054,,,,,,,
Lesotho,0.05510659,,,0.15829616,4.7410157,0,,0.7262266,,0.1003998,0.4726483,0.65589106,,,0.45684176,0.221852,,,,0,0.02,,,,0.02462563,,,,,,,,,,,0.01736682,26.523018,,3.2359279,,5.91342,,1.897855482,,0.209208,0.0174449,,1.03941671,,3.314169,,,,,13.2239958,,,,,0.83916,,,9.53620268,,,1.21812258,0.47112,0.194698,,1.776062,2.6254306,,0.82370857,1.50027336,,0.231841,,0.573308,0.93133311,,,1.491649,,,,0.43425,17.91966,,0.168451423
Liberia,0,1.47948541,0.590548,1.02486685,14.65195358,0,0.01723164,36.0844633,0.0018325,27.58847511,5.53101304,16.3048464,0.551322897,,7.6590836,,,,,0.73385935,1.27,,,,,,,,0.0103443,,,,,2.47874,,6.68271978,514.742159,0.015235,0.298866,,0.0050184,,17.19894257,,153.151103,,,1.562731464,,2.4878723,,,,,184.5445259,,,,0.03772,77.31546,,,71.70474583,,4.3400244,1.47424649,0.31515,,,,,91.6728,5.57324797,6.60211468,,0.894216,4.80826,0.693574,1.75214504,,,4.399923,,,,9.6092,13.27427,,3.26923
Libya,0.25740673,0.0776484,0.163559,2.51077969,9.44025885,1.70543379,0.5057519,0.0292896,,2.779041294,5.46783188,16.05428864,0.7713934,,1.220173,,,0.0380033,,0.25550726,0.94,,,,,,,0.0200328,0.004404478,0.01935184,,,,,,1.26744085,20.760622,,,,62.6672,,,,0.85,,,,,,,,,,,,,,,,,,25.6383017,,0.1812748,0.17965532,0.0448,0.0634054,,,,,0.25037432,1.19185618,,1.89327,,,0.51631767,,,,,,,,,,
Madagascar,0.0559272,2.0826061,,102.2509166,19.97598368,3.370656334,,6.54676161,,1.1350053,8.13541977,2.04319977,0.2334487,,,0.28236858,0.0062,,0.00265446,0.03696217,0.05,,,,0.00123128,,,0.00042623,,0.00214526,,,,,,3.64795771,153.114048,0.018208,,,0.0975616,,17.16653747,,0.449969,0.0394959,,0.45474444,,3.5775474,,,,,121.0385175,,,,,60.03672,,,84.3215113,,0.233387,2.07361457,0.85795,0.363583,,2.6381229,1.917369,42.7429,9.8775125,12.00476356,,0.680853,,0.624375,4.49956175,,,8.26099,,,,22.47203,29.09895,,1.4522361
Malawi,0.05885241,9.493044257,,2.48759101,41.37964452,0.6628425,,73.39118529,,3.068717575,0.4887235,136.1187464,1.64419013,4.589126,21.94136297,0.51413241,0.0055,,0.0168264,0.102469086,,,,0.06720953,,,,,0.0154992,,,,0.0110926,,,8.647145018,249.166354,0.0314171,0.144285,,3.3642419,,26.63068444,,3.353512,0.111495,,5.444145819,,5.16424,,0.069369,,,160.0455695,,,,0.05135,43.70254,,,74.55811335,,,1.8640715,0.66698,0.219767,,4.276481,2.9940559,18.2165,8.86153205,22.36322661,,3.055059,2.87413,1.173855,3.09872784,,,13.707955,,,,18.21166,125.85729,,14.98838182
Malaysia,0.0972502,0.00994343,0.114744,6.08722385,9.54639533,0.001736,,0.33566257,0.0133111,0.7277378,0.0818425,8.687612008,,,,,,0.000499168,,0.02304227,0.24,,,,,,,0.00680364,,0.0341505,,,0.0482529,,,0.11095202,4.544662,,,,0.0845304,,75.91224034,,213.156457,0.0812719,1,5.50865681,,8.6632933,,0.2616405,,,,,,,,,,,1.90088605,,,0.72460663,0.20395,0.239834,,,,,0.24820586,0.90538258,,,,0.009622,0.40345216,0,,,,,,,1.1104,,0.0954788
Maldives,0.06248715,0,0.023493,5.06055159,0.8148207,0,,0.00237466,,0.085155341,,0.2803926,,,,,,0.0048985,,,0.01,,,,,,,,,0.00129984,,,,,,0.1096299,0.164051,,0.0717692,,1.2006303,,7.26980361,,0.085166,0.170366,,3.456615971,,0.920333,,0.0482444,,,6.26740661,,,,,,,2.82655,1.1845644,,,1.72690091,0.10267,,,1.962781,,,0.41176837,1.22233473,,,,,0.45259341,2.07797,,0.727868,,0.0836,,,,,
Mali,0.26906132,22.09442289,26.40938349,163.8277372,43.44879888,4.12428525,37.4656043,17.2722068,0.148367,32.37097502,36.16389101,2.85836832,0.84226464,,1.36957503,14.10439973,,,,9.586955736,0.71,0.0332779,,,,,,,0.009218544,,,,,,,87.99460135,162.774479,0.002074,11.8971188,,5.3511747,,20.95921199,,9.154824,,,0.22145133,,4.419262,,,,,239.4453334,,,,7.80115,60.0917,,,150.8028626,,4.1308732,1.66493955,0.21592,0.381098,,5.346606,8.177275,11.1929,3.91395668,14.08401836,,4.724987,0.33,0.466037,2.72107761,45.74729,,9.0087,,0.0403,,20.96189,19.88459,,10.39762043
Marshall Islands,,,,,0.0552493,,,,,,,,,,,,,,,,,,,,,,,,,,,,,,,,45.982961,,,,2.71,,5.516952318,,250.282704,0.0516255,,3.581131959,,,,0.0457225,,,1.2,,,,,,0,0.07889,,,,0.23728689,0.11396,,,,,,0.0844946,,,,,,,,,,,,,,,,
Mauritania,,0.650522856,,24.3782284,17.05874406,2.0683485,,0.765823,0.00366278,0.6914659,0.68207856,0.181244,0.22629,,0.2567975,0.110926,,0,,16.12495573,12.7,,,,,,,,0.02098476,,,,,,,0.7741217,24.314306,,11.385618,,43.2443145,,19.92354991,,,0.00757164,,0.054173888,,4.465381,,,,,17.896332,,,,,3.74231,,,44.5658442,109.0278284,,1.47792806,0.22957,0.892457,,18.8276,,,1.84384327,3.27927289,,1.968703,2.27368,0.151847,1.12409412,73.43044,,5.24364,,,,5.57823,1.26905,,0.30266
Mauritius,0.01562162,0.279836,,57.02520062,0.37258728,,,,,0.010677,,1.190779158,1.482352,,,,,,,0.000893739,,,,,,,,0.0119344,,0.107207,,,,,,0.0358601,0.156862,,,,,,2.123885735,,0.01216,0.0363491,,0.6216242925,,1.0249163,,0.0955852,0,,,,,,40.8064,,,,52.02108755,,,0.76035234,0.1103,0.595507,,,,,0.5238781,,,,,,0.12244152,,,,,,,,0.33674,,
Mexico,1.911419087,0.05489629,2.72670682,36.95714033,116.9137753,0.92674226,0.0768053,2.87519103,0.09970034,0.385286167,0.5420884,19.89933391,4.865463715,,0.02938767,,,0.037681668,,3.123174661,0.09,,,0.0105723,,,,0.03642194,0.0520986,0.0510249,,,,,,1.14120298,255.291187,0.899113,,,0.061061,,7.722608935,,349.998089,0.0566601,,1.117153802,,26.08554,,0.1426,347.323034,,,,1462.54912,4.76375,,,,,10.56210202,,,,2.13557,0.624603,,,,,0.1394364,1.35733425,,,1.82516,0.0225,1.07261423,,,2.383265,,3.04724,,,,0.410154,1.028073
Micronesia,,,,0.00506711,0.0198558,,,,,,,,,,,,,,,,,,,,,,,,,,,,,,,,60.376195,,,,1.79,,12.68522187,,0.109018,,,2.829656148,,1.0112963,,0.4550341,,,2.6171458,,,,,,0.32196,2.26382,0.05576262,,,0.601348,,,,,,,,,,,,,,,,,,,,,,,
"Middle East, regional",7.93343752,0.00221852,32.29434988,44.09726701,96.92335705,1.601901548,9.674544,65.6918293,,40.24842712,21.30912929,31.3301415,12.6759993,,1.8202976,0.1887195,,0.047768735,,0.12024591,256.31,0.0554631,,3.37093,,,,,,0.1355347,,,0.110926,2,,32.60734117,3.928766,,,5310.24,,,24.73374338,,,,,48.990414,,,,,,,,,,,,,,,58.92045099,3.82772664,,39.42304408,5.69935,,,,,,2.3151267,4.01983659,,,0.221908,1.824526,4.76395589,,,,,,,,4.25196,,3.3211469
Moldova,6.784432328,0.010361658,5.604707,4.455292902,11.53546704,0.22878702,0.3289916,5.63611945,0.000537992,11.77366612,15.46091484,1.97477069,1.391944846,,,0.0978899,,0.4379921,,0.017058249,1.83,0.1467088,,4.066308259,0.97461966,,0.31,0.09826198,2.459797758,18.44387684,0.98613438,0.121505,0.069912654,0.68213,,0.51458949,91.387735,0.793224,,,,,37.00965028,,0.484343,,,,,2.8369507,,,10.0845003,,36.36129603,,,,,,,,86.43513268,,,0.69543889,0.33306,0.0678092,,,,,0.35544898,0.96735398,,,,0.060471,0.42012262,,2.108697,3.724893,36.46452032,,3.137,1.18257,5.97796,,2.97
Mongolia,8.72016653,0.0369118,,2.120546626,25.22630259,0.243425,,0.523178,,0.024355541,25.2187907,0.9674947,0.56535399,,0.0129407,3.090658,,,,0.000893739,3.07,,,1.61655278,0.0787687,,,0.48677305,0.30329364,0.0447262,,,0.000675541,0.228727,,1.0749514,10.674925,0.004148,3.05326,,0.1410806,,100.7151756,,27.953549,0.0342493,,10.40853515,,4.3010557,,0.2244137,,,12.76279341,,,,,,104.78495,32.40401,6.92690355,,,1.43400513,1.00779,0.498092,,25,,,0.93205191,1.36153791,,,,0.007492,1.62755798,,,2.40296,154.473834,0.19702,,0.21644,3.78279,0.425104,0.222877
Montenegro,0.92900352,0.00486301,0.000557588,0.719364346,22.61163024,0.5783214,,0.76763531,0.010631177,0.2011743381,0.02791338,1.544750166,0.00055685,,0.0277316,0.01051558,,0.254045435,,0,3.36,1.727004452,,0.22415085,0.09229062,,,0.27633579,0.04175931,,,,0.00166389,,,0.0419229,1.772184,,,,15.632533,,0.400684686,,,,,0.00871591,,0.780995,,,7.960958,,0,,,,,,,,81.90732059,,,0.24385861,0.10843,0.597748,,,,,0.18508653,0.9346219299,,,1.84288,,,,2.111724,,46.129095,,6.37825,,,,
Montserrat,,,,,,,,,,,,51.10310344,,,,,,,,,,,,,,,,,,,,,,,,,,,,,,,,,0.010338,,,,,,,,,,,1.904593,,,,,,,0.00443705,,,,0.06946,,,,,,,,,,,,,,,,,,,,,,
Morocco,0.25715286,18.2363294,0.53854032,400.7888964,393.0902251,10.09211597,1.07304544,0.382292,11.8780925,0.312730508,9.686970017,5.461829512,0.3021919939,,,0.1954638,,0.06932444,0.00792013,26.58136769,0.64,0.025513,,0.0161674,,,,0.13650017,0.02312878,0.851424,,,0.000211869,0.6,,6.080472028,30.955672,0.0816875,106.36854,,99.3944363,,90.26189623,,5.810786,0.017246,,0.0619506,,5.922451,,,690.5675227,,,,,,461.80852,,,,387.8689483,154.168049,,1.19242895,0.53153,0.620011,,82.15402,,,0.71788092,1.72016386,,,1.52663,0.476623,1.30253943,20.07862,,8.703311,47.29344,120.52715,,,1.6494,,
Mozambique,6.174278744,19.33260485,63.26093166,71.30653388,78.98196171,19.55773607,35.08345199,38.31228429,33.42229034,94.60454574,41.12566711,77.19488631,26.3326253,3.21956,40.92114726,,,,,11.81696368,0.04,,,0.06804098,,,,0.00042623,,,,,,7.9962,5.60942702,42.42526275,302.677936,,0.130506,,1.000338,,62.6508178,,42.289485,0.105152,,3.381139553,,4.177197,,,,,361.6489436,,,,7.28052,54.61137,,,84.34809043,,,1.70570722,0.66887,0.336428,,9.563748,9.7210022,119.205,7.1173666,18.30060812,,4.858725,1.93174,1.280335,4.64754071,11.3311,,11.059265,,1.37904,,26.78301,98.68231,,10.87273908
Myanmar,0.2335425,0.24546026,7.4807977,6.291489973,26.20222919,7.108458346,1.27618698,33.98780429,,24.22373994,40.4758335,174.0219658,9.058166644,,1.2627976,1.2526082,,,,0.01875071,3.67,,,0.71358199,,,,0.01321848,0.29441986,,,,,0.081051,,12.61470027,113.862856,0.057753,,,1.0125302,,351.1318346,,23.914326,18.4916,0.44,55.74361059,,3.154757,,4.5286953,,,69.9678473,,,,,,23,12.01438,120.0975056,,1.9918409,3.53341783,1.69334,0.401398,,,,,9.34522606,18.19937137,,0.594923,,0.95524,5.11007844,,,1.917922,,,,16.25566,40.06047,,5.9212433
Namibia,0.02693508,0.08428954,0,0.6088077,63.98748377,0.015626601,,1.4120032,0.3510224,1.101909011,0.44197529,0.4537533173,4.27378753,,,0.11496845,,,,0.01572994,0.65,,,0.05296797,0.00246256,,,0.03582917,,0.00129984,,,,0.058946,,0,62.31181,,,,0.0062104,,3.906734487,,0.015704,,,0.406048969,,3.354866,,0.0271379,,,,,,,62.33344,,,,21.7678729,,,1.95371349,0.50109,0.211292,,,,,0.48807689,1.23818565,,,0.450488,0.640319,0.96528378,,,,,,,,8.12565,,0.563462
Nauru,,,,,,,,,,,,,,,,,,,,,,,,,,,,,,,,,,,,,,,,,2.29,,2.694137734,,,,,23.43167465,,0.528872,,1.733910575,,,,,,,,,,0.37021,0.10404885,,,0.08056926,,,,,,,0.0212033,,,,,,,,,,,,,,,,
Nepal,4.74422852,1.91894931,22.05789953,3.937061228,38.86897982,2.69113387,9.8003342,61.19732278,,9.845996085,53.43830867,134.7747456,26.82075056,0.30308,0.55665825,2.378197556,,0.000689961,,1.354229598,0.55,0.0554631,,0.8354923,0.1316584,,0.04,0.00426229,0.1630262,0.05641751,0.06100941,0.022185,0.0199667,,0.361974,29.08784038,161.8019,0.0472922,0.133529,,1.3791881,0.2,56.70339038,,18.111405,0.436655,0.5,36.30936634,,4.9033127,,2.8981425,,,297.9540257,,,,,,,163.82368,47.96402585,,2.7623221,4.24087128,1.72185,0.376816,,12.421361,,49.8784,8.07124132,5.91719352,,5.672831,5.05787,0.634045,4.37643156,,,5.84374,,0.99909,,29.70322,18.8165,0.0415164,5.311561465
Nicaragua,1.868553737,2.40686923,0.371725,10.56393714,11.92784879,1.05894755,,7.19153516,0.00843039,2.039294942,21.69025829,0.24423516,1.84304467,,1.37919625,7.82116516,,0.00633389,,10.30547432,,,,0.01423192,,,,0.00127869,0.00792682,,,,,4.56441,2.404981,13.92451258,41.392676,0.003111,,,,,16.46779602,,10.745299,,,0.226155319,,3.548347,,,,,67.0856488,,3.91611,208.82778,,,,,47.98470492,,,,0.36384,0.173655,,16.88478,,,1.46911199,1.37379666,,0.099467,,0.007991,1.26987044,,,5.95353,,,,2.61724,5.07449,,0.929928
Nigeria,0.78197096,8.17467858,0.6902225,95.85273769,34.24360585,0.71756204,7.43957578,17.68447246,0.0018325,11.55593958,7.672804685,401.8352063,0.3706441,,1.29915304,0.831947,,0.022612351,,0.327166905,0.06,,,0.01910243,,,,0.9510235,0.0190971,0.525827,,,,,,28.7765642,510.393854,0.057033,,,0.3395545,,85.32271005,,86.527871,0.0159855,,2.090059003,,4.658789,,0.1726741,3.568302,,774.5907722,,,,308.46755,102.91104,,,163.3417508,,,5.77409477,0.57937,0.398968,,,0.181259,,9.86265521,48.96643173,,,1.39405,2.637373,7.40045021,1.58343,,13.4048,,,,130.33714,176.92109,,221.2986961
Niger,0.02740904,17.12648404,12.81458933,55.43927024,24.42202143,2.65796678,,11.1956225,,5.7138103,31.17520477,,0.02647112,,2.1611124,23.63571259,,,,7.44512669,8.9,,,0.0813253,,,,0.00042623,,,,,,,,10.53048959,112.02559,,1.560584,,0.6506818,,27.69264659,,0.533538,,,0.272732708,,3.8068973,,,,,96.7572479,,,,0.01193,46.7944,,,227.1953552,,0.5488425,2.45114097,0.49726,0.154542,,1.327995,1.40574598,54.5725,8.16448572,19.71239425,,15.90089,,0.369164,3.63699744,7.3738,,9.34492,,0.46188,,30.52342,15.32048,,5.7545537
Niue,,,,,,,,,,,,,,,,,,,,,,,,,,,,,,,,,,,,,,,,,,,0.069957314,,0.098543,,,2.392640792,,,,16.7175424,,,,,,,,,,,0.19353305,,,0.06475269,,,,,,,0.00003144,,,,,,,,,,,,,,,,
"North & Central America, regional",0.4711906,0,3.4596094,23.73132255,49.8463101,2.043487,10.82622033,10.1920162,0.1236384,4.19417097,9.62048166,6.68934334,2.52006313,,1.4443789,2.189179,,0.00199667,,24.754567,0.2,,,,,,,,,,,,,,5.0165728,0.768074396,164.199303,,,,,,,7.39,,,,,,10.354227,,0.0769705,,,,,145.83009,17.23055,,,,,23.94329597,,,,4.33214,,,0.25,,,1.6010441,,,,4.15221,,7.81351198,,,,,0.80841,,,2.05402,,2.95896189
"North of Sahara, regional",0.2133786,,0,28.65155837,214.1637321,0.5530752,,0.793621,0.0498835,0.706941442,3.75112911,0.13350607,4.3833907,,,,,,,0.38428031,0.6,,,0.406626,,,,,,,,,,,,2.020151788,0.327481,,,,,,,,,,0.06,,,0.575495,,,,,,,,,1.16802,,,,71.99168526,,,,1.00702,,,,,,,,,,,,,,,,,,,,,,0.199719
"Oceania, regional",,,,15.5352137,23.123031,0.665557,,,,,0.1902246,4.70006582,0.805736,,,,,,,,,,,,,,,,,,,,,,,2.05972704,3.212712,,,,,,4.479632645,,16.804499,,,89.70272133,,9.255899,,53.97089329,,,1.0050794,,,,,,,,30.60579294,,,3.45725374,3.51668,,,,,,0.43313791,4.74166825,,,,,,,,,,,,,1.42828,,
Pakistan,2.09505687,0.01226176,15.86258325,21.25972825,103.1224986,44.11608287,6.4152814,16.50825315,0.00366278,12.65174778,19.25496125,572.0099022,0.69486109,,0.56771579,0.5921589,,0.0950083,,0.722395416,1.93,,,0.0121498,,,,0.0332459,0.050240254,0.117677,,,0.00941621,,,34.26631497,780.607197,,44.35955,,82.7681494,0.093625,175.4957502,,5.737259,1.25244,,57.09670201,,7.1793103,,,57.12276764,,1618.142563,,,,,,401.97374,397.19233,123.4888144,,,2.64867344,1.41077,1.29821,,28.7730294,,,7.41665371,26.957372,,7.041008,,0.729389,6.71749919,132.38153,,16.1246,,,,101.33301,42.11693,,52.90876252
Palau,,,,,0.0695411,0.249109,,,,,,,,,,,,,,,,,,,,,,,,,,,,,,,2.660431,,,,4.49,,3.506055662,,0.073382,0.00406804,,2.017641657,,0.183333,,0.0397874,,,,,,,,,0.57999,0.44941,,,,0.08807259,0.02,0.0784027,,,,,0.00122548,,,,,,,,,,,,,,,,
Panama,0.00880754,,,0.48201108,1.26334213,0.1657393,0.0822986,,0.000641154,0.011958241,0.3369396,2.85934758,0.01987802,,,0.04624686,,,,0.509743009,0.13,,,0.027191436,,,,0.00042623,,,,,,,,0.63740041,14.660445,0.174673,,,0.0079935,,3.174272631,,275.868691,0.00624974,,0.2056958,,3.1155877,,,308.1056109,,,,454.76138,1.34118,,,,,3.31178711,,,,0.30431,0.42,,20,,,0.3355703,0.7713322,,0.36602,,0.019067,0.53389035,,,,,,,,1.92776,,0.0696
Papua New Guinea,0.764080097,0.00110926,,0.00443705,1.37894428,,,2.4367624,,,,1.4471871,,,,,,,,0.0610094,,,,,,,,,0.053373904,,,,,,,,8.038815,0.027074,,,,,18.70223358,,2.291313,,,430.7721344,,2.636537,,19.6394118,0,,23.8739383,,,,,,60.88844,68.8632,21.86740854,,1.5509557,1.8986559,0.18671,,,,,,1.44529205,2.65646099,,,,1.083671,1.89082913,,,1.18693,,0.16815,,8.8722,18.16794,,2.271857
Paraguay,0.21903324,0.00273211,,1.13933799,4.92221707,0.83251607,,0.8326954,,1.424591315,0.505851,0.7461378,0.31472905,,,0.1118136,,,,3.678106986,,,,0.02092904,,,,,0.0197281,0.00129984,,,,,,0.37509205,17.009559,0.0306198,,,0.0070255,,18.77837978,,11.540111,0.0544988,,0.32338957,,2.023293,,0.4749933,62.800705,,,,99.66548,28.04338,,,,,21.1883606,,,,0.9217,0.318602,,41.69139,,,0.69758909,0.88770104,,,,0.006363,0.79131452,,,2.80141,,,,,6.02249,,
Peru,0.71212314,17.72253369,1.187259,83.52015479,109.6733296,4.774380063,,4.8803021,0.04271993,2.267935768,30.4148907,3.297405846,1.79151763,,0.5163915,1.44474388,,0.00633389,0.0338647,18.2095784,0.12,,,0.18553679,0.022152,,,0.0029836,0.00716142,0.0115383,,,,,,25.63856301,144.196931,0.136564,,,0.025659,,49.14620227,,9.887741,0.0275755,,1.393726703,,7.305458,,0.7282557,1020.54642,,,,91.04805,3.27021,,,,,27.39513644,,,,0.84452,0.150671,,0.3,,,0.38132215,1.28060723,,,,0.871442,1.36795848,,,9.02758,,,,,0.27936,0.107803,1.078522
Philippines,0.37718368,6.12043518,0.337589,4.35290948,38.42494586,3.83069228,,1.7768063,,5.281255414,1.608975877,13.92953606,0.78994494,0.037909,0.50217233,1.48563743,,,0.00300055,5.558137568,0.8,,,0.04587771,,,,0.03689924,0.0303955,0.00259994,0.03993346,,0.000458148,,,15.87053826,274.928413,0.028443,,,0.1438218,,541.954634,,502.082123,0.233768,,94.9792321,,5.620654,0.1,6.427849,906.3572592,,0,,,,,,973.10522,3.86569,58.54227865,,0.759056,2.0815397,1.71125,0.350349,,10.06215,,,1.78016877,3.95942704,,0.518829,0.451614,0.349802,3.84913341,,,6.666014,,,,,36.62714,0.766996,3.3937559
Rwanda,0.10186891,35.88241521,,4.56472599,35.37583493,2.643862927,40.8303982,2.19698001,0.215079,32.78508219,4.7870904,154.7905379,0.069552,,2.37260153,0.3899776,,,,0.56819165,,0.0266223,,0.0356232,0.02955076,,,0.00170492,0.12373567,0.0056503,,,,,0.970316,3.047258313,198.456677,0.020739,6.17955,,0.594191,,16.38509801,,20.93044,,,1.545766814,,3.0664,,0.213635,,,297.0635257,,,,4.85491,44.14387,,,24.07596183,,,2.25875783,0.39738,0.0135219,,7.049465,5.8583089,,6.6430683,7.75422256,,2.919708,4.21128,0.780741,2.32287682,,,15.712458,,,,11.47135,105.7263,0.734125,6.6128836
Saint Helena,,,,,,,,,,,,93.67346384,,,,,,,,,,,,,,,,,,,,,,,,,,,,,,,,,,,,,,,,,,,,,,,,,,,0.0985579,,,0.111776,,,,,,,,,,,,,,,,,,,,,,,
Saint Lucia,,,,0.69474382,0.0113773,0.00177482,,,,0.013322541,,0.2679522,,,,,,,,,,,,,,,,,,,,,,,,0.13487452,0.017517,0.001037,0.14478,,,,3.061925537,,0.215358,,,0.1692764827,,1.178692,,0.09525952,0,,3.32716339,11.32729,,,,,,,5.20612836,,,,0.08191,,,,,,,,,,,,,,,,,,,,,,
Saint Vincent and the Grenadines,0.03235855,,,0.02137766,0.0284222,,,,,,,0.168337234,,,,,,,,,,,,,,,,,,,,,,,,0.0136744,0,0.031428,,,,,3.501945138,,0.109308,,,0.1978958557,,0.575495,,0.06580346,0,,1.6163801,7.008944,,,,,,,8.72369631,,,,0.06946,,,,,,,,,,,,,,,,,,,,,,
Samoa,,,,0.00506711,,,,,,,,,,,0.110926,,,,,0.0008674428,,,,,,,,,,,,,,,,,0.857876,,,,0.0200724,,11.6606942,,0.113249,0.0094258,,28.72281832,,4.104192,,13.795126,,,18.9690189,,,,,,,7.29954,13.05376004,,,1.26787976,0.18251,,,1.47686,,,0.61861165,,,,,,,,,,,,,,,,
Sao Tome and Principe,0.00982209,,,0.61636807,0.00381752,0.2901984,,,25.16291526,,,,,,,0.00419678,,0.00816417,,0,,,,,,,,,,,0.0144204,,,,,0.0983729,0.706569,,,,,,1.52858393,,,,,0.03618601,,3.5922127,,,,,0.90443114,,,,,2.38343,,,6.009857349,,,1.03772357,0.17375,,,0.510722,2.5241359,0.88744,0.445185,1.36087494,,0.14866,,,0.55489471,,,1.698186,,,,0.30299,2.33196,,0.01386
Senegal,0.38688266,18.85131237,,130.2403923,19.0786636,16.73389389,0.0264641,0.3327761,0.29544043,0.7988315273,3.21958634,1.666295129,0.87478018,,0.242438,20.24900922,,0.00633389,,13.00296838,7.54,,,0.0394957,,,,0.00042623,0.00238714,0.00445058,,,,,0.2319466,57.81450225,268.758298,0.095463,11.94955,,0.8161268,,37.61898422,,10.30591,0.00605965,,0.201254604,,5.6547807,,,,,172.8380431,,,,41.7525,36.13973,,,56.21684401,,,1.41377791,0.54297,0.572568,,5.569122,6.0589327,,4.01961972,5.5387421,,2.136096,12.5478,0.138054,2.10990202,36.53459,,6.566845,,,,7.98139,29.73739,0.0610967,16.50861033
Serbia,10.54317649,0.0189917,1.97622,5.215146722,113.1635706,1.132936163,,7.577106475,0.06649586,12.37302868,18.7945575,5.828770497,5.711422922,0.113726,,0.6611035,,0.211084775,,0.53485771,4.11,1.57901918,,1.855237539,1.69313347,,0.09,2.57894298,0.115598618,1.732835601,,,0.00332459,11.2535,,1.723217,22.389565,0.0115197,22.1434,,0.0245031,0.207919,5.461944967,,0.148707,,,0.0370276,,1.8467063,,,405.5651709,,0,,,,,,,,474.9511324,,,0.41369947,0.13307,0.417715,,,,,0.30946705,0.91075599,,,2.98479,,0.35309354,,6.451263,,383.010905,,5.324455,,,,
Seychelles,,0.00665557,,2.0669349,0.0234348,,,,,,,0.49446933,,,,,,,,0,0.21,,,,,,,0.00170492,,0.000945295,,,,,,,0.031689,0.002074,,,1.6572619,,0.83501749,,,0.004922,,0.738762869,,2.3131754,,0.0605371,7.035,,,,,,0.71098,0.10357,,,0.9869438,,,0.65329798,0.12344,0.255341,,0.242254,0.1160552,,0.0138384,,,,,,,,,0.105772,,,,,,,
Sierra Leone,0.19174564,1.443038336,0.14869,0.20468872,25.28048634,7.12753162,,6.9517051,0.0164859,2.212634413,0.08051339,340.0296362,0.84050134,,11.4506257,0.0110842,,0.00816417,,1.32274713,0.6,,,,,,,0.01620886,,,0.0288408,,,2.47874,,13.09372129,112.787113,0.009014,1.765946,,3.15818,,29.17893223,,1.418996,,,10.81816236,,3.101636,,0.008777944,,,79.93606846,,,,,44.17632,,,74.17780408,,2.2175951,2.18945284,0.32171,0.269872,,7.90212,0.6817412,160.6396,5.81625377,10.28752987,,0.346396,,0.86556,2.35920204,19.19463,,12.899685,,,,11.83979,12.79271,,3.9667854
Solomon Islands,,,,0.02137766,0.251715,0,,,,,,0.7900265,,,,,,,,,,,,,,,,,,,,,,,,,0.897205,,,,3.4060584,,16.82328467,,2.833588,0.0123123,,122.1714773,,4.427153,,20.27688443,,,8.870462539,,,,,,,4.08419,5.651464056,,,1.42083614,0.15351,,,,,0.20787,0.90830132,0.51014522,,,,,,,,,,0.18206,,1.46293,1.06222,,0.1122
Somalia,0.171668852,0.29294433,15.0162108,1.0229623,29.14549846,13.44361796,2.2857759,43.1268059,0.113527,61.16933982,22.96287589,186.1399934,17.7516057,0.128791,7.14625,0.2773152,,0.00633389,0.0277316,0.777498236,314.82,,,,,,0.03,0.01760612,,0.00635964,,,,,,20.74468396,207.204853,,1.077938,,19.321782,,25.45591193,,0.714088,0.00410664,,7.18278517,,1.8441664,,0.0407147,,,,,,,,1.24779,,,173.2009498,0.99734,1.6561002,0.62412923,0.29352,,,0.3,,,8.96272379,15.9746947,,15.68281,,0.373076,4.6937113,,,,,,,7.90834,27.32073,,1.063287
South Africa,0.473746547,13.32297464,7.12480107,215.1016073,435.0384995,0.933090189,2.86530029,9.830377893,1.2589312,4.500099462,15.29609241,30.37070104,7.02694515,0.056105,6.316681142,0.355069,,0.0608319,,0.051141379,0.4,,,0.02439741,,,,0.00255737,0.06059692,,,,,,,4.359818373,336.780402,0.3329,,,0.5264316,,10.26151618,,0.235688,,,2.2656923,,8.5687003,,0.1058192,356.8796,,,,,,218.91456,,,,266.3865089,,,2.57511606,0.92475,0.507743,,,,,0.61737491,1.81223626,,0.039407,12.3182,1.794944,1.70424835,,,,,72.5394,,,99.37449,0.166843,19.30818462
"South America, regional",,0.752379,,118.7856956,92.14097038,1.69009956,1.09755,4.6776222,0.00551303,2.053947266,6.45321461,2.05838,5.6933995,,0.06280475,0.0539207,,,,1.54922164,0.74,,,,,,,,,,,,,,,17.04409517,18.531844,,,,,,,,0.174994,,,1.209857523,,3.995926,,0.2917424,,,,,3.50458,5.3172,,,,,32.49391152,,,,3.63797,,,15.06993,,,,,,,,2.639142,,,,,,,,,,,15.0543045
"South Asia, regional",0.532929,,,0.13976711,10.86341348,,5.6180452,2.2711778,,3.347292557,4.14685355,12.86249598,3.03422266,,0.146139,0.208945,,,,0.0113089,0.25,,,,,,,,,,,,,,5.452025,3.410177083,34.494232,,,,,,1.126168,,,,,,,,,0.215369,,,,,,,,,,,10.85935595,,,,0.00791,,,1.1,,,,2.05105038,,,,,,,,,,,,,2.73147,,
"South & Central Asia, regional",0.83985315,,5.289408,67.334889,,,,0.74402,,1.8195,4.068805558,9.43416,0.9404329,,,0.554631,,,,,36.38,,,,,,,,,,,,0.0253805,3.11634,,1.53208076,16.77928,,,,,,0.0144956,,0.009605,,,16.04501716,,,,,,,,,,,,,,,7.688225,,,24.47008125,5.35497,,,0.14,,,,,,,,,0.00215264,,,,,,,,,,18.4561381
"South of Sahara, regional",11.99740485,6.9954877,8.72327624,232.4704255,263.3152724,11.94184714,236.9313563,254.2659863,2.48499414,75.267266,70.05953138,152.7647552,22.99858602,1.173552,0.45648547,6.55535276,,,,11.03142189,1.6,,,,,,,,,,,0.055463,,,3.882413,123.4365206,949.91229,,0.000178891,,,,3.7414674,,0.4,,,2.42688497,,27.45588,,1.933116,,,10.253419,,,,15.23518,83.75685,,,224.5266421,,,0.05731896,7.07121,,,5.58553,2.5933176,,8.46841811,4.37102332,,,1.477438,4.614291,9.32372555,,,,,,,,1.70363,,238.0827807
South Sudan,0.600102335,4.359704,15.9277733,0.84193045,56.74125928,12.75749708,42.0795709,62.24292054,,39.57480483,31.99594527,318.1303102,8.4243111,,12.212434,3.4486612,,,0.0504714,0.8009039,0.72,0.0332779,,0.2149235,0.1845698,,,0.0107453,0.00928333,,,,,,,88.05375504,598.061658,0.048418,,,1.336464,,91.23052709,,3.063889,,,8.027046368,,0.3733337,,,,,27.786289,,,,,1.57912,,,134.4077927,,4.1682873,2.7044483,0.0228,,,,,,3.29946367,10.60762533,,30.050245,,1.298985,3.59274231,,,3.52155,,,,18.58903,51.29097,,3.36753325
Sri Lanka,1.232331922,1.71506753,0.53157738,123.6235974,21.3725041,1.2081557,,6.40740463,0.00366278,2.697928125,7.42922349,37.61014252,1.24468615,,,0.2889834,,0.00137881,,0.1311051,0.07,,,0.0247762,,,,3.62554852,,0.025527,,,0.00117754,,,7.386306427,22.283592,0.003111,10.055346,,0.6577151,,207.0025549,,34.577365,0.154213,,27.08158844,,4.170733,,0.57702643,18.74802,,110.2506284,,,,,,234.45783,151.37641,117.2750753,,0.816484,2.16688892,0.89316,0.465591,,16.59454,,,1.63109793,1.13387897,,0.826736,3.18014,0.096802,1.25844518,,,5.81554,,,,0.60849,6.76663,,0.8056607
States Ex-Yugoslavia,0.7346221,,,0.30282816,,3.403220394,,,0.429066,,,,0.000262196,,0.0508066,,,0.00183694,0.00118026,0.0027787,,0.7148521,,0.033129775,0.00492512,,,,,,,,,,,,,,,,,,,,,,,,,,,,,,,,,,,,,,0.76042128,,,,,,,,,,,,,,,,,,,,,,,,,,
Sudan,0.1530952,3.95892298,4.44599,3.808451517,16.82542561,13.92782525,3.589482556,17.23744909,,23.02544961,15.36917941,83.61423968,4.497736837,,5.77620972,0.55577798,,0.04153173,,0.1206382,21.96,,,0.0105995,0.00860788,,,0.03643455,0.00477428,0.0371012,,,,1.54363,,12.65322325,274.094281,,82.76337,,93.9384647,,40.81727234,,5.53278,0.0898828,,0.19850481,,6.2521063,,,,,,,,,0.079,1.07119,,,64.36230905,97.9523147,0.0022417,1.54988664,0.38081,0.320588,,3.595836,,,3.56757944,15.53716705,,0.395089,,0.496049,3.98225191,22.3921,,10.09146,,,,44.03417,57.31476,,0.234444
Suriname,0.0665557,1.32109255,,2.36462281,0.0634258,,5.7153573,,,,,0.0486906,0,,,,,,,0.007402484,0.03,,,,,,,,,0.000945295,,,,,,0.174278409,,0.001037,,,,,0.094279284,,,,,0.131955759,,1.206667,,,,,,0.0768592,41.22699,0.2563,,,,,2.1250254,,,,0.08888,,,2.92958,,,0.1664304,,,,,0.009907,,0.51383,,,,,,,2.70598,,
Swaziland,0.06403536,0.00249584,,0.09728676,0.1179908,0.024317,,0.6259849,0.0886922,0.25000748,0.548976988,0.25830434,0.4915966,,0.1811175,0.221852,,,,,0.02,,,,,,,,,,,,,,,0.2746069,36.097631,0.002074,0.0595186,,,,0.93944026,,0.71632,0.0210479,,0.7996092467,,1.478,,0.04088243,8.070727,,,,,,0.93606,,,,36.22034436,,,1.33002109,0.45031,,,7.744502,2.11265,,0.61495521,1.21390629,,0.319404,,1.02305,0.89481105,,,1.10905,,,,,12.01087,,0.564286
Syrian Arab Republic,2.11785244,29.59171539,45.29363157,12.4958091,277.0987911,13.19716602,45.7687282,64.08477947,0.69924907,31.67298599,41.32822673,397.5765909,12.9680685,0.997049,9.96201296,5.9491306,0.011,0.587387469,0.0221853,13.72487107,2694.02,0.1552967,,0.6984222,0.0615197,,0.11,0.3290762,2.965499386,1.03869366,0.277316,0.166389,0.0998336,22.0072,,69.5880543,712.077965,19.0173,0.483237,,25.1719387,0.342,25.7643696,,9.85696,,,9.45844,,,,3.772063,,,,,,,,,,,222.3176795,,,0.57342741,0.19745,0.473278,,0.3,,,1.056601,1.94884765,35.99446,21.096312,0.720213,,1.82478285,,,0.227998,,,,,,,2.342608
Tajikistan,0.21101227,0.0641364,0.0670488,2.6254181,30.95348886,0.1672246,,1.364037,,0.241363035,31.27265932,18.43296206,2.231145659,,,0.2473316,,,,0.02643042,0.7,,,0.0477601,0.0627509,,,0.01059663,0.369149904,0.00349514,0.15085965,0.02049,0.000602085,21.7617,,1.3969964,43.936502,0.140082,4.192291,,1.1420627,6.366159,17.82342797,,0.829579,0.00992882,,,,2.3194297,,,,,27.7091107,,,,,,,188.41843,28.35190137,,0.0130841,0.48655087,0.08641,0.053655,0.0497,10.270171,,,3.73064666,2.75062167,,0.982238,1.73003,0.089081,0.71960913,10.95664,7.407184,8.74527,63.114207,0.3333,,3.93047,6.43603,,0.01386
Tanzania,0.94690376,13.56597234,46.01110015,50.74591048,93.15199493,4.814487384,,51.93325933,0.00776483,109.2444129,32.5598437,313.0275738,29.03942508,,31.59225962,0.1749408,,,0.0471137,0.431213996,0.35,,,0.00777087,,,,0.01373116,0.45992148,0.0100417,,,,1.36783,6.100941,82.73248607,453.42734,0.028716,0.12747,,3.9658391,,94.84420024,,71.293807,0.177186,,5.684432779,,6.1447417,,0.7470122,,,602.3149519,,,,0.10484,217.06791,,,127.9284073,,,2.2519743,0.66627,0.309906,,10.1762662,6.3961285,,7.7049617,22.03142099,,1.791795,13.0194,1.023388,4.52861371,,,11.0202,,,,43.58096,156.51567,,62.46696308
Thailand,0.8994087,0.0326422,0.8620303,10.52543958,14.35315225,0.45579821,,0.99041434,0.06302834,4.838684065,1.8243638,5.767064321,0.269684259,,0.28304366,0.0555003712,,0.01461897,,0.065873821,0.93,,,0.015435009,0.00615641,,,0.00340983,,0.0660778,,,,,,0.550066503,43.38866,0.095028,,,0.0303839,,172.7656928,,131.269889,,0.5,8.967024709,,6.3726297,4.29933,0.209008,0,,,,,,,,59.4547,0.37458,13.39144386,,,2.9301365,0.43058,0.361054,,,,,0.35304356,1.0688332,,0.73246,5.47226,0.829373,1.51450292,,,,,,,,21.41311,,1.5779793
Timor-Leste,,,,0.48696658,7.28860088,0.0749423,,2.9478815,12.96637252,0.138801419,,0.1023702,0.4329933,,,,,,,,,,,,,,,,0.00665276,,,,,,,0.2958617,17.798459,,,,0.0101356,,19.26353489,,9.014965,0.218249,,66.06434516,,3.563933,,14.90850403,0.0016995,,11.172097,,,,,,11.61112,25.23532,11.50863124,,,2.34136802,1.1809,,,,,,1.05907869,1.44538071,,0.116487,,,1.74268877,,,0.235608,,,,0.34743,3.62138,,0.01386
Togo,0.06785696,10.5896438,,31.74589646,34.2120709,2.10037758,,0.64398041,0.00549529,1.279956428,2.0946032,0.051892,0.3125781,0.006824,,1.1016785,,0.01123239,,0.255210989,0.09,,,,,,,0.00042623,,0.00259994,,,,,,0.31376053,3.042583,0.01037,8.82208,,0.258077,,4.24322534,,0.49894,0.024806,,0.192043011,,3.3361533,,,,,26.0123735,,,,4.30264,21.60792,,,25.2082981,,,1.3313788,0.2094,0.0307266,,13.2026,2.55288634,,4.97805061,4.6416667,,,2.30543,0.498896,1.44688876,8.97294,,2.424599,,,,6.89805,11.74614,,0.712365225
Tokelau,,,,,,,,,,,,,,,,,,,,,,,,,,,,,,,,,,,,,,,,,,,0.00171898,,,,,0.237207813,,,,8.41249319,,,,,,,,,,,,,,0.07980059,,,,,,,,,,,,,,,,,,,,,,,
Tonga,,,,0.06559731,0.0100972,0.261429,,,,,,0.0015671,,,,,,,,,,,,,,,,,,,,,,,,,1.609775,,,,,,9.253475084,,0.169438,0.0864816,,19.76646588,,0.585627,,14.1113105,,,15.171692,,,,,,,4.38638,4.31946861,,,0.8135621,,,,,,,0.06274139,,,,,,,,,0.42102,,,,,,,
Tunisia,0.50746791,2.163642216,5.5634396,131.501564,110.8328549,29.46820718,0.316718122,3.1263884,0.06692183,3.641053935,26.86564036,9.641600697,0.65190701,,,0.5302726,,0.215478226,,3.194027966,1.35,,,0.0550819,,,,0.68435145,0.26766868,1.4555,,,,1.12299,,1.50865304,20.723436,,11.167784,,11.75429,,47.34045816,,4.84678,,,0.067938968,,4.1573456,,,620.2755672,,,,,,407.112,,,,406.0114278,49.6353484,,1.3543662,0.45453,0.206678,,8.6012916,,,0.87300154,1.01580899,,,2.35317,0.064398,0.45851439,12.96043,,5.534601,128.94714,,,,0.65347,,
Turkey,75.19568832,5.7265662,0.10963469,123.3619913,436.3105735,1.19355634,1.57990903,5.50443093,0.061848,11.19995779,2.86778706,11.23109054,2.81581006,,0.471436,0.11111756,,0.46345459,,1.111100227,,0.05051373,,0.43740436,,,,0.82467807,0.0573817,0.61046465,0.221852,0.015653,0.013973544,,,21.56051425,48.069035,0.0466902,,,0.0919899,,92.26250222,,127.451825,,,0.21030853,,6.813995,,,489.393131,,,,,,,,,,2678.119258,,,1.01301716,1.01824,0,,55.10093,,,2.70991544,1.18924013,,0.091641,,,1.03866911,660.8388,,5.91656,1924.102178,14.8087,229.6173,,,,2.8
Turkmenistan,0.05690971,,,0.25598242,1.03899188,0.00310593,,,,9.49E-05,0.0311753,0.7015304,0.110926,,,,,,,,3.18,,,0.008206,,,,0.023217,0.0747175,0.323426,,0.012836,,0.68207,,0.0184933,5.236789,0.167571,,,0.8274643,,0.516245539,,0.300785,,,,,1.740256,,,0,,,,,,,,6.31962,,4.60609,,,0.35564837,,,,,,,0.5652587,1.1507401,,,0.340671,,0.63768866,28.9756,1.585813,,12.20204,,,,2.54435,,
Tuvalu,,,,,0.04910791,,,,,,,0.0395505,,,,,,,,,,,,,,,,,,,0.0110926,,,,,,0.049778,,,,2.18,,13.17597904,,0.127336,0.039259,,7.897484494,,1.6659023,,14.21618001,,,7.757554,,,,,,,2.20041,0.4542099779,,,0.09500517,0.1237,,,,,,0.03229072,,,,,,,,,,,,,,,,
Uganda,10.65413471,20.25329141,29.58975553,23.75059194,52.83963412,3.46224832,14.68859441,56.4435604,,41.77921762,2.40265777,188.9691088,6.122151858,3.382806,25.44580215,0.0786467,,0.0365679,0.0360821,0.17844835,0.31,0.0266223,,0.0813253,0.02216307,,,0.02750339,0.232408733,0.00409578,0.0876317,,,1.08443,0.0695397,8.716111761,414.160621,0.031109,1.421324,,1.0251961,,70.47577979,,23.233519,0.108977,,3.719085354,,5.0972284,,0.1237797,,,224.419898,,,,0.21287,112.31738,,,122.3337048,,0.6625024,2.31988146,0.24099,0.384759,,8.69776,8.0975367,,8.54632056,20.44332753,,9.112096,,1.061607,5.69718507,16.7538,,15.88053,,,,41.84083,110.93143,0.0598548,35.56380717
Ukraine,12.6078503,2.44583891,26.40405567,21.11746914,374.0387852,8.52035426,3.69565186,40.38987768,0.05768162,33.36835556,31.456231,43.76899316,11.02803152,0.304799,0.7264941,0.69284717,,1.91865687,,11.874528,8.82,0.31056302,,3.73068684,2.73530836,,0.12,2.28558127,28.85199014,0.5690459977,2.84414703,0.577835,1.67609393,,,219.884557,246.04409,9.32607,0.57703,,0.0040149,1.14,19.91044487,,1.519742,,,0.15098061,,6.0182457,,,1133.635265,,,,,,,,,,277.0326458,,,0.74873852,0.40942,0.207665,,,,,0.89940752,1.884387,,1.62789,,1.097489,0.87911802,,2.960655,,453.1097545,2.1076,,,48.31269,,
Uruguay,0.0270479,,,1.97733906,24.36776098,0.0166786,0.0315085,,0.080223,,0.0521199,2.32749961,0.06740654,,,,,0.0126678,,0.5243164921,,,,0.00162651,,,,0.00955971,0.00238714,0.000945295,,,0.0171783,,,0.25078613,0.539349,0.74182,,,,,2.036178461,,0.113771,,,0.1600194327,,2.38318,,0.7303146,61.6923682,,,,231.21225,1.35666,,,,,5.95944597,,,,0.61986,0.399401,,,,,0.39880592,0.86807204,,,,0.0124,0.65803912,,,0.541189,,,,,,,
Uzbekistan,0.3543275196,0.00456572,,6.977262699,14.42993958,0.3153234,,0.1356544,,0.02903835,4.866923,2.299161513,0.0503184,,,0.0813262,,0.10317247,,0.0297887128,4.65,,,0.10896822,0.0147643,,,0.0106557,0.290420794,0.0417895,0.1053799,0.065136,0.009690728,0.516714,,0.0184933,10.35836,0.350859,2.5050854,,0.0245031,,154.1460109,,400.721795,0.00691361,,,,3.414468,,,39.9291996,,110.0858384,,,,,,433.79385,119.08411,11.79705007,,,0.55788584,0.19184,0.563938,,0.322274,,,3.34457796,4.86131686,,,,0.37011,1.04942417,92.63359,1.995641,2.668,0,,,8.98563,10.1432,,0.01386
Vanuatu,,0.00138658,,1.60230554,0.27384388,0.554631,2.816977,,,0.3251748,0.4345299,3.7448305,,,,0.15114768,,,,0.0554631,0.17,,,,,,,,,,0.0554631,,0.0110926,2.6,,0.391144,4.931874,,,,2.548572,,18.36533026,,0.52338,0.0840221,1,90.72218665,,2.919333,,26.88435124,,,1.270266,,,,,,,3.60442,10.15237165,,,1.05524725,0.14585,,,,,11.8925,0.59655699,0.32501392,,0.387017,,,,,,,,,,,,0.141753,
Venezuela,0.29672086,0.01932555,,5.89585854,9.22140846,0.33151451,,,0.2269627172,0.078867741,0.0368908,2.151592134,,,,,,0.0260322,,1.184774551,,,,0.00386295,,,,0.00596721,0.0204614,0.0184729,,,,,,0.2930297,8.031525,0.157068,,,,,0.528480228,,0.01305,,,0.1311744327,,2.99686,,,,,,,211.06267,,,,,,2.171924543,,,,0.36907,0.398159,,,,,0.34169291,1.90505534,,,3.4083,0.258406,0.56981744,,,,,,,,,,
Viet Nam,5.5279516,15.80383318,16.65465738,160.7121739,165.1986777,3.200521565,,9.6454767,0.0366312,0.922719456,24.79437496,18.85893528,12.39953527,,12.56502072,11.34260407,,0.0146955,,0.166052228,0.05,,,0.06984403,0.03075986,,0.01,3.53577693,0.2428797,0.109775,,,,0.157397,1.102308,19.96265574,88.748569,0.235788,5.796246,,0.0376335,,1418.878476,,1563.094439,1.06698,,106.704832,,7.5779147,2.3,4.7804321,259.3602555,,908.5455549,,,,,,410.59357,440.40428,72.3749844,,,4.57176817,1.25887,0.441242,,21.6614,,,9.15568053,4.14491143,,,,0.683911,3.84383436,,,30.81029,,0.00139,,19.78466,45.45271,0.651806,15.72673
Wallis and Futuna,,,,105.8923609,,,,,,,,,,,,,,,,,,,,,,,,,,,,,,,,,,,,,,,,,,,,0.32821392,,,,0.0172175,,,,,,,,,,,0.209695,,,,,,,,,,,,,,,,,,,,,,,,,,
West Bank and Gaza Strip,4.79649431,24.23456525,25.87576626,43.10622199,92.54590436,32.12078955,22.51737054,78.43080969,0.1266246,54.9046799,31.69422122,78.59469792,13.41357651,0.728633,6.38036983,8.327689771,0.49,0.711765,0.0144204,18.68796258,29.83,0.2416852,,1.2408213,0.18087636,,,0.27205564,1.03151389,0.4381102,0.32168642,,0.00998336,,,25.00820066,265.459301,16.9339,,,22.5629217,,66.46858107,,5.047658,,,28.91297233,,,,0.756829,,,,,,,,,,,408.4193372,0.049867,,1.05378105,1.44339,0.315918,,7.17962,,,1.79840389,5.33878059,452.8104,1.682455,,,1.36060877,0,,2.65157,,,,,0.87139,,0.01386
"West Indies, regional",,0.30673,,0.0488075,,,,,,,,14.05373157,,,,,,,,,,,,,,,,,,,,,,,,23.44629286,83.058727,,,,,,,,,,,0.0642122237,,,,1.6932161,,,0.6930837,,,,,,,,31.51761072,,,,,,,,,,,,,,,1.994331,,,,,,,,,5.71415,,
Yemen,0.57760054,4.03217,7.9628035,1.642570375,100.9939853,1.12732587,29.21298754,6.7057087,,21.31073414,11.49804567,125.454226,7.730488,0.076923,1.94943973,0.554631,,0.011533099,,0.05024401,0.79,,,0.2735636,0.00615641,,,0.250071,0.047494546,0.0463367,0.01220188,,0.0110926,2.36,,12.4834408,198.028276,,,,889.5858635,,23.83653642,,1,0.100136,,0.0486137,,4.9597947,,,,,36.60614128,,,,,,,,53.7990131,48.36280404,5.4187835,3.45351538,0.32593,0.253367,,0.25,,,3.77455861,10.41863098,,7.087889,,0.151327,3.26606498,6.8507,,0.006495,,,,10.67653,3.47881,,1.672488
Zambia,0.03200729,1.34417272,18.96132565,44.4694125,31.99359444,0.512791648,0.00992621,22.42253613,,51.22363108,0.4655212,81.43281231,15.89189276,,19.29061837,,,0.00163283,,0.001892075,0.07,,,0.59846457,,,,0.00127869,0.0477661,0.00189059,,,,,,2.80157233,268.135952,0.003111,,,,,24.34706008,,0.245625,0.0183866,,2.929311032,,4.2634367,,0.1704514,,,66.910379,,,,54.92534,61.77374,,,76.80234654,,,1.89255914,1.01346,0.241974,,1.8263,3.81772,,3.91420499,8.75095275,,1.256884,2.64941,1.196109,2.91399684,,,14.017179,,1.89688,,17.78756,38.28828,,16.64362326
Zimbabwe,0.3551523,2.1928824,26.78563377,1.81533042,28.32262304,0.57116478,1.55298,16.57724158,0.0468907,32.20762923,11.71666016,142.3621091,0.40837141,,7.226415804,0.110926,,0.0244437,,0.251131974,,,,0.07464569,,,,0.00170492,0.0238714,0.0360268,,,,,,4.53562545,155.848621,0.007259,,,0.0030112,,6.684707492,,2.516943,0.0574275,,8.149849026,,2.0071917,,0.260602,0,,0,,,,,6.1967,,,80.26647613,,,2.66495202,1.61183,0.331969,,0.05,,,5.86430524,8.39549593,,2.336224,4.5066,1.584727,2.93469372,,,,,,,24.76316,220.7237,,4.1146943