year,AED,AFN,ALL,AMD,ANG,AOA,ARS,AUD,AWG,AZN,BAM,BBD,BDT,BGN,BHD,BIF,BMD,BND,BOB,BOV,BRL,BSD,BTN,BWP,BYR,BZD,CAD,CDF,CHF,CLF,CLP,CNY,COP,COU,CRC,CUC,CUP,CVE,CZK,DJF,DKK,DOP,DZD,EEK,EGP,ERN,ETB,EUR,FJD,FKP,GBP,GEL,GHS,GIP,GMD,GNF,GTQ,GYD,HKD,HNL,HRK,HTG,HUF,IDR,ILS,INR,IQD,IRR,ISK,JMD,JOD,JPY,KES,KGS,KHR,KMF,KPW,KRW,KWD,KYD,KZT,LAK,LBP,LKR,LRD,LSL,LTL,LVL,LYD,MAD,MDL,MGA,MKD,MMK,MNT,MOP,MRO,MUR,MVR,MWK,MXN,MXV,MYR,MZN,NAD,NGN,NIO,NOK,NPR,NZD,OMR,PAB,PEN,PGK,PHP,PKR,PLN,PYG,QAR,RON,RSD,RUB,RWF,SAR,SBD,SCR,SDG,SEK,SGD,SHP,SLL,SOS,SRD,STD,SVC,SYP,SZL,THB,TJS,TMT,TND,TOP,TRY,TTD,TWD,TZS,UAH,UGX,USD,USN,USS,UYI,UYU,UZS,VEF,VND,VUV,WST,XAF,XCD,XOF,XPF,YER,ZAR,ZMK,ZWL
1990,,,,,,,,,,,,,,,,,,,,,,,,,,,1.16651,,1.38835,,,,,,,,,,,,6.18492,,,,,,,,,,0.56308,,,,,,,,7.789,,,,,,,,144.72186,,,,,144.72186,,,,,,,0.28999,,,,,,,,,,,,,,,,,,,,,,2838.98445,,2.70349,,,,,6.25687,,1.67552,,,,,,,,,,,,,,3.74998,,,,5.9145,1.77556,,,,,,,,,,,,,,,,,,,,1,,,,,,,,,,,,,,,2.58739,,
1991,,,,,,,,,,,,,,,,,,,,,,,,,,,1.14572,,1.43471,,,,,,,,,,,,6.39808,,,,,,,,,,0.56724,,,,,,,,7.77037,,,,,,,,134.48329,,,,,134.48329,,,,,,,0.289,,,,,,,,,,,,,,,,,,,,,,3018.86312,,2.74893,,,,,6.48894,,1.72845,,,,,,,,,,,,,,3.75007,,,,6.04844,1.72703,,,,,,,,,,,,,,,,,,,,1,,,,,,,,,,,,,,,2.76169,,
1992,,,,,,,,,,,,,,,,,,,,,,,,,,,1.20809,,1.40541,,,,,,,,,,,,6.03426,,,,,,,,,,0.56957,,,,,,,,7.7396,,,,,,,,126.60525,,,,,126.60525,,,,,,,0.29335,,,,,,,,,,,,,,,,,,,,,,3093.66978,,2.54656,,,,,6.21318,,1.85725,,,,,,,,,,,,,,3.74996,,,,5.82552,1.62858,,,,,,,,,,,,,,,,,,,,1,,,,,,,,,,,,,,,2.85123,,
1993,3.67247,,,,,,,1.49392,,,,,,,0.37696,,,,,,,,,2.53669,,,1.28956,,1.47727,,418.5125,5.79338,,,,,,,,170,6.4822,,23.93656,,3.36237,,4.93,,,,0.6659,,,,,,,,7.73498,,,,,2100.73343,2.934,31.36756,111.09989,1583,,,0.7002,111.09989,68.518,,,,,808.22286,0.30146,,,,1714.53214,,,,,,,,,,,,,,123.41559,18.45199,,4.43743,28.72281,,2.57296,4.915,,,,7.09502,,1.84855,,,,,27.98929,30.03696,,1792.74286,3.63928,,,,,3.75036,,,,7.78331,1.61513,,,,,,,21,3.36446,25.39058,,,,,0.01393,,26.7505,,,,1,,,,4.37325,,,,,,,,,,,3.2678,,
1994,3.6725,,,,,,,1.36735,,,,,,,0.377,257.56602,,,,,,,,2.6682,,,1.36569,,1.3667,,419.81014,8.56513,,,,1,,,,172.59041,6.35543,,24.24251,,3.38133,,5.223,,,,0.65325,,,,9.69413,,,,7.72824,,,,,2159.62575,2.99441,31.3705,72.79619,1583,,,0.69768,102.17163,55.79184,,,,,803.59904,0.29751,,,,1679.01918,,,,,,,9.08574,,,,,,,122.43355,18.01115,,4.45227,3.36858,,2.62176,4.915,,21.7761,,7.05618,,1.68497,,,,,26.28768,30.53458,,1793,3.63913,,,,,3.75026,,4.97,,7.7141,1.52671,,577,,,,,22.77671,3.54801,25.1436,,,,,0.03014,,26.44764,516.40162,,,1,,,,5.00592,,,,,,544.65818,,,,,3.5488,682.45,
1995,3.67246,3756.74909,91.78697,,1.7822,453417.54545,0.99988,1.34919,1.79,,,2.0113,40.62887,69.60113,0.37699,248.63259,1,1.39991,4.79773,,0.96469,1,32.75316,2.75366,,2,1.37191,,1.18125,,396.48692,8.35051,993.44162,,178.6281,1,1,73.91,26.38554,171.73973,5.60223,13.74702,28.40345,11.40986,3.39917,,5.71537,,1.42044,0.62473,0.63345,,,0.62456,9.66479,1008.4886,5.77761,142.50579,7.7352,9.25388,5.28002,19,133.89183,2243.70586,3.00829,32.40712,263.22648,1583,64.85261,33.51612,0.69989,94.00318,51.37055,,2220,367.27839,2.15,771.2263,0.29841,0.82943,63.45592,781.09091,1620.41718,53.16007,1,3.65203,3.99694,0.53522,0.3555,8.425,,,,5.45387,427.73636,7.98822,129.06733,17.72553,14.22818,6.07162,6.22579,,2.50737,4.915,3.65244,31.24444,7.50951,6.33474,50.41281,1.5232,,1,2.30657,0.78748,25.62491,31.60821,2.48266,1793,3.63941,0.24836,1.66534,4575.15714,,3.75029,3.3571,4.97,,7.13103,1.41667,1.59963,614.68767,2620,0.42687,1572.55442,8.75293,41.42493,3.62663,24.91066,,,,1.3412,0.04592,5.69908,26.48227,559.47945,,1027.38571,1,,,,6.29147,,,11031.28512,112.56972,2.48406,498.92199,,489.28599,,,3.62704,867.62286,
1996,3.67251,4750.19126,100.08798,,1.79,5635,0.99984,1.27728,1.79,,,2.0113,41.69822,177.63016,0.37695,299.4769,1,1.40934,5.08728,,1.00463,1,35.78851,3.30815,,2.00003,1.36318,,1.23574,,412.02735,8.31416,1035.75376,,207.05236,1,3.30055,73.91,27.12347,160,5.79763,13.80184,54.72685,11.89244,3.3949,,5.83867,,1.39996,0.64183,0.6407,,,0.64445,9.86685,993.26503,6.0796,139.15902,7.73391,10.78552,5.38895,16.27706,149.39246,2327.33145,3.18566,35.3799,108.75179,1583,66.50321,36.32944,0.70878,108.75179,57.05869,,2300,382.19887,2.15,804.6291,0.29937,0.82839,67.77276,920,1569.82238,55.22561,1,4.29514,3.99706,0.54712,0.3555,8.67748,,,,5.87223,466.09683,7.98997,136.19545,19.63302,11.77,15.18203,7.59364,,2.51506,10.24854,4.28161,81.14891,8.41406,6.45516,55.20205,1.45365,,1,2.44778,1.3142,26.20456,35.99843,2.69585,2038.62978,3.63986,0.31135,4.92146,5131.61749,,3.75028,3.50634,4.97025,,6.70311,1.4093,1.55351,683.31967,2620,0.438,1933.05216,8.75511,41.94735,4.28557,25.34792,,,0.97381,1.22845,0.0817,5.78806,27.45216,593.43169,,1038.65301,1,,,,7.92184,,,11029.93033,111.18555,2.4596,510.33187,,507.79699,,,4.29621,1206.01954,
1997,3.67239,4750,144.92863,,1.79,123023.88767,0.99981,1.34791,1.79,,,2.0113,43.79562,1636.0637,0.37699,320.37,1,1.4761,5.2631,,1.07764,1,36.14151,3.63535,,2,1.38433,,1.44959,,419.15237,8.28978,1141.76318,,232.1873,1,20.93425,89.12794,31.71378,161.63836,6.60152,14.16085,57.70069,13.86285,3.39129,,6.50032,,1.43756,0.61212,0.61026,,,0.60916,10.18713,1069.03885,6.05423,141.80249,7.74203,12.88729,6.123,16.14035,186.79671,2889.97334,3.44457,36.29446,1084.45159,2398.03836,70.7943,34.31195,0.70832,120.96862,58.55149,,2750.0137,433.64218,2.18151,952.7711,0.3033,0.82816,75.55436,969.5726,1537.59649,58.89084,1,4.60406,3.99801,0.57828,0.3555,9.49602,,,,6.22115,514.2037,7.99394,150.8257,20.97559,11.77,16.18935,7.91459,,2.81501,11.27955,4.60404,81.46987,9.4283,7.07336,56.92689,1.51323,,1,2.65878,1.42421,29.53438,41.07714,3.2785,2165.20548,3.64002,0.71205,4.9991,5784.854,,3.75031,3.64705,5.03477,,7.63005,1.48471,1.64043,784.00822,2620,0.4083,2100.86205,8.75501,41.89411,4.60697,31.04492,,,1.09765,1.25962,0.15258,6.13924,28.68653,604.89073,1.86479,1072.85616,1,,,,9.39226,,,11696.83836,115.32786,2.53901,582.16849,,578.06266,,,4.6072,1315.37534,
1998,3.67267,4750,149.15282,,1.79,196916,0.99974,1.59118,1.79,,,2.0113,46.75433,1751.59567,0.377,369.24593,1,1.68017,5.51805,,1.16018,1,41.34559,4.21658,,2,1.48296,,1.44898,,460.1411,8.27891,1426.34433,,256.56919,1,23,99.12713,32.23272,168.74899,6.69871,15.19178,58.70674,14.07334,3.40655,,6.9759,0.85355,1.95747,0.60244,0.60338,,,0.6037,10.63033,1224.6094,6.36989,145.45808,7.74574,13.40381,6.34627,16.94825,214.3633,10102.64247,3.79504,41.23061,1200,1750.53836,71.10842,35.79781,0.70893,130.80699,60.26749,,3748.27671,444.52892,2.2,1397.91096,0.30467,0.8284,78.5567,2469.53425,1515.13548,64.73688,18.73699,5.49631,3.99941,0.58821,0.35912,9.58637,,,,6.2517,819.41082,8.0017,186.61684,23.90637,11.77,31.05334,9.14175,,3.91436,11.77666,5.52465,85.54518,10.56522,7.54383,61.62123,1.86656,,1,2.92581,2.0712,40.80573,48.63593,3.48975,2691.5589,3.6401,0.8864,8.98995,10.01829,,3.75056,4.39126,5.25554,,7.94518,1.67102,1.65879,903.04795,2620,0.401,2390,8.75378,41.84863,5.50142,41.17208,,,1.13571,1.45165,0.26188,6.2279,33.4291,650.9404,2.59064,1229.80027,1,,,,10.40544,,,13261.13699,127.2281,2.92784,589.26658,,588.57092,,,5.53396,1858.7274,
1999,3.67275,4710.73449,136.2543,,1.77675,193139.63516,0.99981,1.54929,1.77373,,,1.98459,48.89397,1846.87101,0.37701,441.36973,0.99802,1.69402,5.78907,,1.80986,0.9989,42.99353,4.61263,,1.98584,1.48494,,1.5024,,508.78822,8.27609,1755.962,,284.45707,1,11.96986,103.26356,34.60057,172.03373,6.97986,15.88795,66.49378,14.68626,3.41281,,7.8128,0.93872,1.96596,0.61699,0.61825,,,0.61707,11.32304,1335.78501,7.33399,166.93912,7.75862,14.24133,7.09274,16.80795,237.18927,7817.46027,4.13594,43.03643,1206.9863,1750.30685,72.37353,38.29273,0.70904,113.74442,70.23332,,3795.85795,456.2606,2.2,1188.86849,0.30427,0.81539,119.58649,5497.80822,1503.65622,70.6346,35.76327,6.19647,4,0.58685,0.45681,9.78206,,,,6.11776,990.84033,7.99171,211.59016,25.09914,11.41222,43.78132,9.54309,,3.79927,12.48503,6.0949,95.135,11.78,7.79757,67.89104,1.88944,,1,3.37905,2.56927,39.06668,51.3309,3.96404,3113.61644,3.64026,1.53334,10.91906,24.8259,,3.75025,4.85491,5.33231,,8.26287,1.69416,1.61989,897.17205,2588.70532,0.63628,2355.19641,8.72077,42.12243,6.13534,37.82053,,,1.18353,1.5073,0.42015,6.20346,32.22361,736.90068,4.29909,1454.33836,1,,,,11.21321,,,13940.56301,128.70504,3.02249,615.29749,4.08468,614.39277,123.40372,,6.10686,2469.93093,
2000,3.67273,4836.03164,142.8223,,1.76391,5.87579,0.99955,1.72334,1.77,,,1.99137,51.9782,874.64382,0.37699,676.12861,1.01312,1.72337,6.12667,,1.82876,1,45.22483,5.07094,,1.98429,1.48428,,1.68754,,539.34833,8.27841,2087.32697,,306.90858,1,1,119.22048,38.60449,172.33343,8.08452,15.86275,72.20054,17.0037,3.53142,,8.08001,1.08435,2.11705,0.65834,0.66048,,,0.65834,12.66564,1672.45902,7.75757,180.97077,7.79176,14.90529,8.2653,20.37024,282.64256,8373.12806,4.07708,44.86351,1755.57377,1750,78.81258,42.2125,0.7083,107.78293,76.03068,,3818.15913,534.37469,2.2,1129.94402,0.30685,0.802,142.14227,7516.78631,1508.81762,76.62024,0.425,6.23,3.99935,0.60569,0.5019,10.60628,,,,4.85588,1068.95566,8.00955,237.34557,26.01681,11.62486,46.82898,9.45315,,3.7998,15.18549,6.94447,104.33392,12.27436,8.79711,71.00586,2.1984,0.38498,0.9971,3.48716,2.74116,44.14768,53.77905,4.34514,3485.45082,3.6399,2.16627,11.6095,28.13427,,3.7504,5.03165,5.69327,,9.15963,1.72354,1.51744,698.92781,2612.82044,0.83655,2129.02973,8.73704,45.98316,6.72261,40.14576,,,1.36711,1.74915,0.62403,6.2316,31.15711,794.88248,5.47604,1620.2377,1,,,,11.385,,,14163.60328,137.40167,3.06785,709.52364,2.69167,710.99635,126.38854,,6.93388,2780,
2001,3.67249,4749.67466,141.28975,,1.78,11.45909,0.99934,1.93174,1.78364,,,1.9901,55.17741,2.17722,0.37679,800.34117,0.98976,1.78015,6.52539,,2.32776,1,46.95301,5.69073,,1.97085,1.54819,,1.6864,,628.70265,8.27426,2277.85778,,324.76479,1,1,119.10093,38.08784,169.49225,8.32026,15.98198,73.99751,17.45999,4.0388,,8.20795,1.11631,2.26572,0.69329,0.694,,,0.69329,15.73739,1901.84164,7.76078,180.49315,7.79926,15.26627,8.28063,23.82728,286.22296,10228.84682,4.20312,47.11764,2661.84822,1750,97.56411,45.46055,0.70753,121.48302,78.33182,,3781.6211,549.93211,2.2,1287.50192,0.3063,0.802,145.67201,7427.52482,1502.15726,89.19739,26.3826,6.23,3.99733,0.625,0.58288,11.2684,,,,6.66604,1096.26986,7.91027,251.84367,28.91155,11.72852,68.71539,9.32894,,3.7989,20.11263,8.5658,113.33866,13.33858,8.9828,74.12855,2.37587,0.38484,0.9966,3.4627,3.31479,50.85671,61.13286,4.09326,4058.7937,3.62724,2.87658,48.30808,29.17529,,3.75011,5.21971,5.82067,,10.32649,1.79143,1.21435,1890.0274,2619.28178,1.11879,3375.51904,8.75073,49.19864,8.55399,44.46587,,,1.43188,2.12261,1.20851,6.14952,33.60034,865.82003,5.37665,1739.6834,1,,,,12.83801,,,14602.3589,144.6743,3.37301,725.7181,2.67068,728.89452,133.28347,,8.60105,2796.01644,
2002,3.67275,4726.25,134.82685,,1.77882,32.39582,3.09435,1.83976,1.78301,,,1.9899,55.38421,2.06947,0.37641,888.00252,0.99726,1.7919,6.89551,,2.87236,0.99348,48.28571,6.21058,,1.96959,1.5696,,1.55564,,672.15101,8.26691,2431.31014,,346.93775,1,2.03408,115.76507,32.61844,162.22679,7.88133,16.80436,76.48649,16.58715,4.59934,,8.06766,1.06062,2.18941,0.48807,0.66615,,,0.6649,19.20385,1903.58438,7.54932,179.35616,7.79788,15.75111,7.58284,27.91364,257.36915,9290.80959,4.7318,48.5112,2950.31507,6889.0411,91.3818,47.55856,0.70333,125.18019,78.31381,,3653.95562,519.82786,2.2,1243.29288,0.30356,0.81528,149.92855,7280.40055,1459.64082,95.40554,0.99166,9.26164,3.66959,0.61499,1.18665,10.97035,,,,6.59568,1103.8603,7.69745,263.85833,29.66898,11.94482,73.95633,9.64901,,3.79709,23.06818,10.35857,119.12737,14.18504,7.98045,74.04696,2.1591,0.38377,0.99918,3.36737,3.82525,51.48022,58.27136,4.07486,5574.04904,3.63716,3.19811,63.52876,31.37993,,3.75003,6.53034,5.44119,,9.71531,1.78998,0.69403,1961.77973,2606.90923,2.1711,8930.83233,8.72511,48.04616,10.47071,42.95728,,,1.40818,2.17833,1.48719,6.10369,34.53168,936.4154,5.17974,1729.85578,1,,,,21.31783,,,14596.52877,137.89441,3.4087,677.7969,2.66829,692.58805,126.6117,174.16531,10.48516,4282.29096,
2003,3.67273,55.61641,117.47986,,1.7724,57.1198,2.93724,1.54068,1.781,,,1.98696,56.51551,1.72669,0.37648,1030.0463,0.9938,1.73489,7.43248,,3.03788,0.99728,46.56739,4.91283,,1.96721,1.40015,,1.34448,,682.22745,8.26715,2813.8737,,387.96986,1,4.23875,105.63285,28.16928,169.67712,6.57602,28.20475,74.59177,13.84181,5.8322,,8.18572,0.88506,1.88742,0.44238,0.61204,,,0.62028,26.34921,1931.56301,7.70914,178.51178,7.78523,16.78079,6.44147,39.10708,223.76778,8552.42904,4.54201,46.50087,2976.96329,7900,76.51146,53.1669,0.70455,115.92337,75.47807,,3705.78356,433.87274,2.2,1187.52082,0.29687,0.8189,146.44315,7373.2,1464.59534,96.3123,0.995,7.53728,3.05556,0.56655,1.21979,9.47495,,,,6.24405,1121.29696,7.75184,256.16397,27.72197,12.69,94.11472,10.77625,,3.79748,23.1699,7.43918,128.86901,14.97329,7.07534,72.8625,1.72134,0.38424,1,3.35478,3.47925,54.0579,55.73157,3.88273,6361.43863,3.6374,3.23229,57.67927,30.67911,,3.74985,7.35681,5.32546,,8.07606,1.74202,0.68198,2288.43507,2615.8726,2.45195,8844.27616,8.73155,44.953,7.51356,41.47454,,,1.30981,2.13815,1.47958,6.14668,34.446,1010.7743,5.18671,1840.15764,1,,,,28.24279,,,14951.03288,121.44159,3.01999,564.73247,2.66619,579.42742,105.38123,177.91721,7.53459,4750.06164,
2004,3.67239,42.785,98.74227,,1.77216,57.1198,2.92345,1.35897,1.77087,,,1.9895,57.66129,1.57304,0.37652,1053.0276,1.00067,1.67845,7.72016,,2.92412,0.99649,45.253,4.6805,,1.96669,1.30082,,1.24239,,597.25899,8.26636,2581.60246,,428.15443,1,21,98.17506,25.65669,169.05522,5.98774,39.44657,69.27486,12.58776,6.16236,,8.34239,0.80485,1.73386,0.5885,0.5459,,,0.54671,28.99417,2204.04153,7.74022,178.68169,7.78764,17.67892,5.79493,35.72302,202.33019,8928.05219,4.46981,45.20155,2201.19645,7900,70.09605,57.64456,0.70511,108.13388,78.80679,,3788.40027,392.51637,16.41257,1141.62978,0.29396,0.81774,131.1506,7620.36148,1480.29208,100.97903,0.995,6.44219,2.77786,0.53491,1.29407,8.78134,,,,6.25419,1120.37,7.76203,249.87432,27.21561,12.7423,106.11484,11.26707,,3.79869,22.03037,6.33444,131.01798,15.7894,6.73863,70.03195,1.50789,0.38417,0.99669,3.31869,3.21057,55.906,56.65079,3.64765,5861.79781,3.63809,3.18346,58.9607,28.80389,,3.74964,7.33942,5.20291,,7.34381,1.68997,0.54676,2463.44809,2731.91667,2.5024,8792.27322,8.74742,48.95079,6.3944,40.20492,,,1.27069,1.98084,1.40873,6.18694,33.39234,1063.56694,5.17868,1807.11391,1,,,,28.69364,,,15296.70765,111.10577,2.78965,507.28962,2.66806,528.22893,96.11159,181.98189,6.42277,4743.16393,
2005,3.67238,42.70031,96.69505,,1.77417,74.54469,2.91511,1.31153,1.77,,1.62325,1.96566,63.50461,1.572,0.37684,1014.2664,1.00132,1.64763,7.96426,,2.43199,0.99484,45.03555,5.09498,,1.95318,1.21109,,1.24531,,557.59797,8.18376,2312.77605,,473.48007,0.946,21,85.0633,23.91699,166.29217,5.99317,29.02967,71.16329,12.58118,5.75482,15,8.54286,0.80429,1.68541,0.5885,0.5499,,,0.54632,27.76271,3508.22501,7.5532,182.8863,7.77662,18.02429,5.92165,37.88303,199.21315,9699.58219,4.47658,43.9785,1431.86003,8174.2937,62.77845,59.33446,0.70537,110.08624,75.26232,,3866.77318,391.62718,170,1021.12264,0.29159,0.81893,131.60329,9212.15937,1501.29474,100.38149,37.77093,6.26067,2.7763,0.55927,1.25464,8.77097,,1980.98108,50.9685,6.22936,1120.37,7.68796,261.97519,29.10742,12.72458,115.19467,10.88031,,3.78517,22.69359,6.31838,130.48393,16.21866,6.43919,67.59326,1.41947,0.3846,0.9903,3.2815,3.03207,54.97704,59.47808,3.23109,6100.65595,3.63764,2.88917,66.96762,28.2824,,3.75008,7.30233,5.27124,,7.46944,1.66381,0.54632,2355.67671,2638.99647,2.53542,8413.01082,8.72457,51.43677,6.33907,40.2115,,,1.29585,1.93704,1.34319,6.24371,32.10503,1100.40805,5.04989,1774.71844,1,,,,24.40929,,,15745.48356,107.85061,2.62174,522.22479,2.66692,522.69154,95.92609,181.45064,6.34266,4407.81921,
2006,3.672,48.10775,93.35059,418.44813,1.7728,86.63591,3.05612,1.32774,1.77,0.91396,1.55763,1.96118,66.36356,1.55109,0.37399,949.8808,0.99867,1.56424,7.72707,,2.17193,0.99898,44.2949,5.67332,2150.65465,1.89457,1.13403,426.88531,1.25314,,521.22327,7.9646,2296.37515,,495.00687,0.9259,21.97106,84.14211,22.5497,166.70233,5.94257,32.16618,70.53928,12.44635,5.65973,15,8.4219,0.79678,1.72098,0.57131,0.54339,1.9541,,0.55949,27.05792,4873.42479,7.3301,190,7.76776,18.09543,5.83115,38.01601,210.05652,9157.44386,4.44896,45.17686,1412.20225,8837.48419,69.71313,64.09105,0.70401,116.29348,71.56903,41.29991,3888.99008,391.24621,141,940.3339,0.28896,0.8163,121.45857,9659.99685,1471.77641,103.59814,56.14932,6.62504,2.7469,0.553,1.2487,8.68379,12.72497,2075.99088,47.77078,6.14014,1134.99112,7.68638,260.83727,31.34817,12.60523,131.50976,10.89156,,3.653,25.73881,6.65336,124.23777,16.61228,6.40844,68.86218,1.5413,0.38381,0.9655,3.1856,2.86268,51.15005,60.12967,3.09947,5436.448,3.62349,2.80021,65.38393,27.18127,528.13482,3.74973,6.99028,5.35309,,7.37261,1.58877,0.5728,2350,1349.07732,2.7,6648.75633,8.42436,50.19661,6.73006,37.86202,,,1.31688,2.04009,1.43029,6.18961,32.52045,1216.31082,4.85399,1806.45712,1,,,,23.06776,,,15542.30986,107.94322,2.74056,505.85384,2.65288,505.55408,91.87749,180.18489,6.7505,3417.3914,
2007,3.67125,49.85822,87.49384,342.51255,1.75793,77.18808,3.10824,1.19474,1.77,0.89853,1.42806,1.97,67.1142,1.4255,0.37431,1049.78,0.9909,1.48645,7.63478,,1.94484,0.9877,43.94652,6.01381,2150.5,1.91637,1.07384,427,1.19991,,522.0258,7.59719,2033.2151,,503.19236,0.9259,22.2222,78.53456,20.26034,170.82957,5.44292,32.34066,68.81288,11.41613,5.56729,15,8.75942,0.73061,1.60084,0.49977,0.49974,1.765,0.92975,0.49977,24.11318,4386.75392,7.45875,193.15671,7.80126,18.45603,5.3564,35.12657,183.26533,9124.97901,4.10517,41.34102,1218.05348,9017.72937,63.89918,67.72441,0.70345,117.77091,66.78103,39.84082,3899.20847,359.64036,140,922.81438,0.2831,0.8163,119.13119,9338.88005,1483.54751,110.19242,58.69863,6.93536,2.516,0.50907,1.22631,8.13346,11.78117,1823.22,44.0516,6.242,1169.73855,7.80516,253.2614,30.97485,12.65837,136.15871,10.91873,,3.42625,25.45573,6.92425,122.44775,17.9564,5.85689,64.45235,1.36044,0.38358,0.97641,3.05868,2.81573,45.94119,60.53676,2.76257,4880.68847,3.62827,2.42716,56.89448,25.57275,531.49078,3.74478,6.9686,6.64262,1.94748,6.75394,1.50655,0.5736,2757.37592,1309.19049,2.7,11503.78167,8.49663,50.24585,7.01357,32.05365,,,1.26434,2.0408,1.30145,6.15,32.8574,1212.24033,4.88743,1697.40312,1,,,,22.74776,1286.09073,,15738.31644,97.73468,2.64787,466.09239,2.6509,466.14475,84.74022,187.9101,7.03077,3878.36742,
2008,3.6717,50.21658,82.19302,305.95645,1.75202,74.784,3.15122,1.19614,1.77,0.82153,1.33609,1.97,67.33065,1.33467,0.37457,1155.1335,0.99549,1.39808,7.09683,,1.82908,0.9877,43.37259,6.73162,2150.5,1.92592,1.06604,450.56844,1.08258,,521.13437,6.94035,1938.99913,,515.78133,0.9259,22.2222,74.15008,17.03345,172.99007,5.09343,33.97742,63.33686,10.67088,5.38819,15,9.47715,0.68321,1.58446,0.5448,0.54472,1.65044,1.0652,0.5448,21.90857,4553.825,7.42153,193.76189,7.78609,18.70426,4.92769,37.80676,171.89845,9661.71268,3.58203,43.6193,1172.57721,9296.1512,86.94559,70.36006,0.70332,103.41893,66.80897,36.56451,3955.54817,336.22514,140,1096.7425,0.26757,0.8163,118.28006,8577.41202,1487.50885,108.0681,62.1735,8.1452,2.34223,0.47533,1.19919,7.69136,10.16555,1669.7565,41.62932,6.32401,1165.9203,7.89238,237.58945,27.52718,12.63668,138.12128,11.13328,,3.32474,24.04287,8.12927,117.19116,19.06691,5.63791,68.49827,1.42358,0.38358,0.98317,2.87885,2.58743,44.27701,70.23835,2.40317,4256.66462,3.63319,2.50751,55.31626,24.8484,536.24402,3.74618,6.9686,9.19644,2.04611,6.58672,1.41484,0.5736,2948.38369,1371.46172,2.7,14205.01011,8.58828,49.1633,8.21226,32.70795,3.41481,,1.21681,2.0408,1.30192,6.06673,31.53035,1177.79492,5.17542,1692.6326,1,,,,20.4376,1317.64322,2.14225,16179.04126,95.51038,2.59482,439.30871,2.63616,439.25729,79.84004,198.78482,8.23218,3678.63992,
2009,3.67183,50.80011,93.05884,363.48304,1.7638,77.76673,3.71939,1.28045,1.77,0.80376,1.40656,1.95647,67.67545,1.40506,0.37494,1201.30833,0.99993,1.43658,6.88368,,1.99241,0.9877,48.3319,7.0292,2792.32712,1.92783,1.14106,774.01429,1.08524,,549.79925,6.82119,2129.63666,,561.30263,0.9259,22.2222,79.17074,18.99607,172.47084,5.35405,35.44135,70.90402,11.21622,5.50708,15,11.53385,0.71895,1.93975,0.64101,0.64092,1.66998,1.41389,0.64101,26.04546,4840.77775,8.01039,192.74521,7.75109,18.55501,5.27042,39.04868,201.6182,10387.20332,3.92323,48.42377,1139.67099,9706.63181,122.80433,85.5905,0.70425,93.57562,74.73711,42.96392,4080.83567,353.79735,139.57534,1272.67781,0.28685,0.81321,145.47592,8339.194,1485.81427,114.69858,67.77301,8.32668,2.47228,0.50422,1.23024,8.03143,10.91631,1923.20293,43.95594,6.31771,1439.29827,7.84487,257.33613,30.83214,12.6225,138.67166,13.48489,,3.51349,26.73929,8.24392,148.26502,19.7123,6.28483,76.24335,1.59735,0.38358,0.98263,2.97032,2.62215,47.44368,81.34934,3.11117,4886.24907,3.63501,3.03711,67.18426,31.62679,557.85304,3.74667,7.21226,13.382,2.29218,7.64264,1.45382,0.5736,3343.72701,1390.49644,2.70579,15224.27699,8.58472,45.53383,8.41632,34.08424,4.14485,2.85,1.3274,1.98889,1.55128,6.14085,33.00816,1303.72375,7.95039,2007.9386,1,,,,22.19219,1463.81049,2.14266,17489.98027,102.90964,2.6803,462.75689,2.63009,462.88993,84.0606,200.75812,8.40084,4977.20773,
2010,3.67212,46.33928,102.11432,373.7114,1.78018,91.66367,3.90091,1.08996,1.77996,0.80221,1.47617,1.96278,68.35008,1.47508,0.37499,1209.0383,1,1.3457,6.87545,,1.75347,0.99434,45.67711,6.6739,2961.89271,1.93309,1.03019,879.09051,1.04286,,501.13267,6.76053,1877.31562,,512.68466,0.9259,22.2222,80.68047,19.06704,172.55828,5.62064,36.3028,72.32776,11.76987,5.58726,15,14.24737,0.75464,1.90587,0.64738,0.64731,1.7826,1.41664,0.64738,26.98839,5545.3963,7.92282,203.22844,7.76822,18.54409,5.48829,39.05557,207.70931,9056.72625,3.73131,45.71521,1151.66247,9926.606,124.27661,85.55814,0.70397,87.78482,76.19411,45.93926,4137.0183,370.9807,135,1153.26488,0.28568,0.80631,145.25334,8131.03885,1486.82151,112.79627,70.5929,7.21711,2.60017,0.53272,1.24964,8.34995,12.17463,2066.91145,46.08746,6.31361,1350.84658,7.85152,271.55964,29.69676,12.61837,148.18092,12.62507,,3.21099,32.91632,7.0768,149.27274,20.97504,6.03943,71.93918,1.38705,0.38332,0.98296,2.78703,2.58265,44.94371,84.43015,3.01071,4660.68326,3.63326,3.16946,77.36886,30.30874,573.30989,3.74443,7.3976,10.93207,2.29821,7.1998,1.36297,0.63073,3911.62263,1525.13367,2.71181,17992.53041,8.57903,45.4237,7.21231,31.50616,4.37903,2.85,1.41836,1.91723,1.50537,6.23129,31.51538,1419.56247,7.85211,2153.20649,1,,,,19.58284,1587.12186,4.20485,18921.26521,95.76789,2.44192,485.46116,2.65153,486.17596,88.62332,216.12867,7.30053,4727.69795,
2011,3.67238,46.7397,99.0767,372.28803,1.78,93.54424,4.12135,0.9687,1.77989,0.78923,1.40586,1.96107,72.76455,1.40502,0.37527,1217.61436,1,1.23974,6.85699,,1.66976,0.99527,46.55596,6.7238,5088.48014,1.94077,0.98883,908.75553,0.88655,,481.57995,6.4544,1827.48559,,499.57511,0.98092,22.2222,78.35539,17.65679,174.69574,5.35516,37.53918,72.43428,11.66313,5.91569,15,16.79757,0.71876,1.78314,0.62355,0.62353,1.68604,1.53181,0.62355,27.26733,6833.70792,7.64964,203.24,7.7839,18.54723,5.33369,39.6147,200.67854,8724.10644,3.57289,46.84664,1158.33868,10494.16356,115.7234,84.26944,0.70612,79.70298,87.42397,46.10797,4019.72452,352.7188,135,1105.72989,0.27585,0.80632,144.56383,7920.42518,1491.26638,110.31668,71.69986,7.1595,2.47717,0.50564,1.20685,8.0317,11.52335,1991.26381,43.89454,6.31585,1254.63014,7.87471,277.43197,27.64607,14.26119,154.74937,12.41826,,3.05283,28.72603,7.16184,154.26019,22.06187,5.60077,73.40597,1.26448,0.3838,0.9826,2.72151,2.27242,43.18438,85.65757,2.95851,4100.6554,3.63663,3.04455,72.93516,29.33032,590.2859,3.74883,7.01418,11.68296,2.63545,6.48727,1.25665,0.62218,4288.20036,1576.84079,3.20711,17512.50548,8.70941,47.24246,7.17235,30.29383,4.60877,2.85,1.40106,1.75087,1.6774,6.27243,29.26319,1563.35403,7.88698,2492.07008,1,,,,18.82218,1715.80844,4.28968,20453.64959,89.88063,2.27265,462.13888,2.67808,462.50606,84.64424,213.3657,7.23125,4791.27186,
2012,3.67219,50.88628,106.24928,401.58284,1.78,95.13369,4.53556,0.96581,1.7799,0.78515,1.52185,1.95711,80.56517,1.51984,0.3736,1385.06265,1,1.23076,6.82521,,1.95076,0.99499,53.32192,7.49342,8298.19415,1.90641,0.99964,904.53425,0.93766,,486.39331,6.30336,1786.88117,,494.44812,1,22.2222,84.88648,19.54607,177.36946,5.79129,38.66193,77.13466,11.71072,6.03247,15,17.58435,0.77806,1.77926,0.63102,0.631,1.65126,1.83726,0.63102,30.26262,7033.29044,7.68406,200.63738,7.75667,18.9323,5.83737,40.86737,224.83176,9329.20134,3.84974,53.4631,1150.56429,12038.80929,124.68273,86.97791,0.70614,79.78738,83.20525,46.9666,3991.12481,382.65351,135,1123.01902,0.27964,0.80764,146.86482,7880.7177,1486.73863,127.19349,73.1912,8.09267,2.67969,0.54017,1.23223,8.55109,11.87846,2161.5877,47.5664,620.88897,1351.52984,7.83287,291.93955,28.93876,15.21039,241.91322,13.14732,,3.07766,27.93173,8.09453,157.53689,23.14636,5.81634,83.69775,1.2348,0.38371,0.9812,2.59782,1.97567,42.09536,92.6039,3.24903,4331.05891,3.62983,3.46671,87.5502,30.98624,598.98442,3.74893,6.75895,13.01111,3.50975,6.77061,1.24936,0.63137,4306.56557,1583.87803,3.25,18957.88852,8.59938,62.37816,8.10915,30.909,4.76221,2.85,1.557,1.73428,1.79955,6.2774,29.49007,1562.43754,7.97582,2469.5518,1,,,,19.77799,1892.39964,4.2873,20692.73689,90.52604,2.26293,503.07358,2.6882,503.06823,91.86272,213.931,8.19734,5066.36505,
2013,3.67222,55.39797,103.81396,409.61992,1.78,96.17062,5.45787,1.03622,1.7802,0.78407,1.47314,1.94877,76.81876,1.47124,0.37416,1529.38981,1,1.23295,6.80881,,2.15456,0.99507,58.51345,8.2791,8849.51049,1.95554,1.0298,905.61698,0.92675,,495.04313,6.19049,1868.60981,,490.78463,1,22.2222,81.94585,19.53263,175.89333,5.61678,41.15638,79.08402,11.713,6.83594,15,18.52079,0.75316,1.82089,0.63961,0.63953,1.66342,2.05081,0.63961,33.16417,6939.00595,7.71407,200,7.75638,19.73124,5.69895,41.98803,223.40798,10394.65364,3.60614,58.44113,1147.8631,17786.91342,121.68775,98.16254,0.70594,97.57812,84.76007,48.39863,3961.88789,369.81999,135,1090.41666,0.28336,0.80974,150.02205,7716.974,1487.48789,128.88134,76.06967,9.63452,2.59227,0.52597,1.2416,8.32865,12.32419,2180.46241,46.16272,917.43785,1506.26466,7.83944,291.21565,29.64721,15.19256,355.93013,12.75434,,3.1372,29.77495,9.63452,157.70972,24.26589,5.87556,92.38301,1.21978,0.38387,0.98181,2.65828,2.22129,42.35422,100.70652,3.15578,4219.48058,3.63268,3.32448,84.75353,31.81901,638.55996,3.74922,7.16774,11.36832,4.53548,6.51275,1.25078,0.64003,4278.2411,1374.64989,3.25,18184.00877,8.57288,101.4898,9.63457,30.64852,4.76343,2.85,1.62047,1.78869,1.90385,6.29851,29.63695,1583.59375,8.05238,2555.09488,1,,,,19.96338,2101.27564,6.05772,20878.35479,92.68074,2.2691,494.06448,2.6882,494.09438,89.76699,214.53274,9.63485,5175.69775,
2014,3.67226,56.24462,101.00165,404.9,1.78,97.368,6.56392,1.11842,1.77978,0.784,1.43284,1.94344,76.37358,1.43028,0.37477,1529.14923,1,1.24915,6.76372,,2.36917,0.99486,62.04682,8.71906,9514.32231,1.95343,1.07244,906.826,0.90193,,529.51608,6.10146,1931.16769,,490.31108,1,22.2222,80.69169,20.10132,177.31154,5.46455,42.22549,77.99325,11.713,6.93696,15,18.92578,0.73238,1.87005,0.60751,0.60743,1.74125,2.34648,0.60751,37.49431,6895.74923,7.71853,200,7.754,19.82086,5.58442,42.77085,218.70162,12054.84615,3.48975,61.79985,1157.63615,24680.92308,115.04231,100.10111,0.70488,104.70477,85.42727,49.164,3941.93308,359.70962,135,1057.94077,0.28195,0.8187,152.32315,7890.35,1480.15615,130.60715,81.21154,10.63838,2.51297,0.51412,1.22292,8.12764,12.81139,2218.01462,44.6936,969.20077,1648.92308,7.84083,286.78031,29.134,15.24775,421.64138,13.06768,,3.27932,29.71231,10.63838,157.68969,24.92278,6.14138,98.03771,1.20998,0.38394,0.98199,2.75682,2.45572,44.52496,104.51808,3.04971,4510.65308,3.63847,3.2973,84.03452,33.06714,665.53408,3.74998,7.326,11.33087,5.66655,6.49981,1.26677,0.60756,4286.61538,1091.96077,3.25,17880.92308,8.57428,139.70769,10.63838,32.91778,4.7736,2.85,1.64912,1.85732,2.16725,6.30028,30.07396,1564.98308,8.13698,2489.73308,1,,,,20.6569,2197.15,6.28845,20898.06923,95.28462,2.2691,480.60662,2.6882,480.608,87.35185,214.78515,10.63838,5176.2,